-- phpMyAdmin SQL Dump
-- version 5.2.1
-- https://www.phpmyadmin.net/
--
-- Host: localhost
-- Generation Time: Oct 04, 2025 at 06:21 AM
-- Server version: 10.4.28-MariaDB
-- PHP Version: 8.0.28

SET SQL_MODE = "NO_AUTO_VALUE_ON_ZERO";
START TRANSACTION;
SET time_zone = "+00:00";


/*!40101 SET @OLD_CHARACTER_SET_CLIENT=@@CHARACTER_SET_CLIENT */;
/*!40101 SET @OLD_CHARACTER_SET_RESULTS=@@CHARACTER_SET_RESULTS */;
/*!40101 SET @OLD_COLLATION_CONNECTION=@@COLLATION_CONNECTION */;
/*!40101 SET NAMES utf8mb4 */;

--
-- Database: `dongvan_db`
--

-- --------------------------------------------------------

--
-- Table structure for table `ChapterReads`
--

CREATE TABLE `ChapterReads` (
  `id` int(11) NOT NULL,
  `story_id` int(11) NOT NULL,
  `chap_number` int(11) NOT NULL,
  `user_id` int(11) NOT NULL,
  `read_at` timestamp NOT NULL DEFAULT current_timestamp()
) ENGINE=InnoDB DEFAULT CHARSET=utf8mb4 COLLATE=utf8mb4_general_ci;

--
-- Dumping data for table `ChapterReads`
--

INSERT INTO `ChapterReads` (`id`, `story_id`, `chap_number`, `user_id`, `read_at`) VALUES
(4, 20, 2, 10, '2025-09-21 03:30:27'),
(5, 21, 1, 10, '2025-08-08 03:39:01'),
(7, 20, 1, 10, '2025-09-21 03:41:34'),
(8, 24, 2, 9, '2025-09-21 03:54:15'),
(9, 22, 1, 10, '2025-09-21 14:15:50'),
(10, 23, 1, 10, '2025-09-22 01:07:32'),
(11, 24, 2, 10, '2025-09-28 06:05:51'),
(13, 20, 1, 0, '2025-09-28 11:33:03'),
(15, 24, 1, 10, '2025-10-01 09:48:09');

-- --------------------------------------------------------

--
-- Table structure for table `Chapters`
--

CREATE TABLE `Chapters` (
  `chapter_id` int(11) NOT NULL,
  `story_id` int(11) DEFAULT NULL,
  `title` varchar(255) DEFAULT NULL,
  `content` text DEFAULT NULL,
  `is_vip` tinyint(1) DEFAULT 0,
  `price` int(11) DEFAULT 0,
  `chap_ads_content` varchar(1000) DEFAULT NULL,
  `word_count` int(11) DEFAULT 0,
  `view_count` int(11) DEFAULT 0,
  `chap_number` int(11) NOT NULL,
  `created_at` timestamp NOT NULL DEFAULT current_timestamp(),
  `is_final` tinyint(1) DEFAULT 0,
  `read_count` int(11) DEFAULT 0
) ENGINE=InnoDB DEFAULT CHARSET=utf8mb4 COLLATE=utf8mb4_general_ci;

--
-- Dumping data for table `Chapters`
--

INSERT INTO `Chapters` (`chapter_id`, `story_id`, `title`, `content`, `is_vip`, `price`, `chap_ads_content`, `word_count`, `view_count`, `chap_number`, `created_at`, `is_final`, `read_count`) VALUES
(17, 20, 'Ông thân tôi là “mòng”', '<p>Chương1: Ông thân tôi là “mòng”</p><p>&nbsp;</p><p class=\"ql-align-justify\"><span style=\"color: rgb(34, 34, 34);\">Nụ cười vẫn thường lộ trên cặp môi đỏ tựa thoa son, anh Vân bỗng ủ dột, muốn như cỏ vẻ chán đời.</span></p><p class=\"ql-align-justify\"><span style=\"color: rgb(34, 34, 34);\">Do lẽ gì, cái thái độ trái ngược như vậy? Vì ông thân anh, một cụ phán thượng hạng đã về hưu, hưu bổng hàng tháng rất to, với bà mẫu anh, một người mẹ đảm, đã một tay tậu nổi mấy toà nhà lộng lẫy mà không để cho anh được tự do tiêu, phá chăng? Vì ý trung nhân của anh, một cô gái tân thời óc chửa đầy những tình cảm đã phụ anh chăng? Hay vì mảnh bằng tốt nghiệp của trường cao đẳng thương mại chưa cho phép anh được chiếm một ghế ngồi trong một.công sở? Lạ! Con một nhà giàu, lại sẽ, là chồng một mĩ nhân, địa vị như thế, tại sao anh Vân lại chán đởi? Cái buồn của anh chàng này chắc có chứa sự bỉ mật gì đây...</span></p><p class=\"ql-align-center\"><span style=\"color: rgb(34, 34, 34);\">° ° °</span></p><p class=\"ql-align-justify\"><span style=\"color: rgb(34, 34, 34);\">Chiều hôm ấy, anh Vân ghé vào tai tôi:</span></p><p class=\"ql-align-justify\"><span style=\"color: rgb(34, 34, 34);\">- Tôi đã đỡ được nỗi chán đời vì đã tìm ra được cách mở két của ông cụ. Tôi mới có được một&nbsp;</span><em style=\"color: rgb(34, 34, 34);\">mẻng</em><span style=\"color: rgb(34, 34, 34);\">&nbsp;rất đáng yêu cả tinh thần lẫn xác thịt nhưng phải cái hơi đáng giận là có cái đức lớn trong sự tiêu tiền.</span></p><p class=\"ql-align-justify\"><span style=\"color: rgb(34, 34, 34);\">Tôi rất lấy làm phàn nàn về điều đỏ, nhưng biết làm thế nào? Phụ nữ bây giờ hầu hết thế cả! Tình thế này ép tôi phải tính... Đáng lẽ tôi cũng không dùng đến kế này, vì nó bất lịch sự quá, nhưng anh tính: ông cụ đưa tiền cho mình tiêu thì tỏ ý xót xa mà đến khi ngồi vào đám bạc, hết trăm này đến chục khác chẳng lấy làm tiếc, anh bảo thế thì còn gì ức cho mình hơn? Nói tới đó, anh ngắt câu chuyện, đưa ra cho tôi một lá thư còn ngỏ.</span></p><p class=\"ql-align-justify\"><span style=\"color: rgb(34, 34, 34);\">Ngoài bì đề:</span></p><p class=\"ql-align-justify\"><em style=\"color: rgb(34, 34, 34);\">Monsieur Ấm B...</em></p><p class=\"ql-align-justify\"><em style=\"color: rgb(34, 34, 34);\">N... Ruelle de poissions Hanhoi&nbsp;(1)</em></p><p class=\"ql-align-justify\"><em style=\"color: rgb(34, 34, 34);\">Còn trong thư:</em></p><p class=\"ql-align-justify\"><em style=\"color: rgb(34, 34, 34);\">Bắc Ninh, le 26 février 1933&nbsp;(2)</em></p><p class=\"ql-align-justify\"><em style=\"color: rgb(34, 34, 34);\">Thưa ngài,</em></p><p class=\"ql-align-justify\"><em style=\"color: rgb(34, 34, 34);\">Cùng nhau gắn bó đã bao nhiêu lần, tôi vẫn để ý mãi, nay thật đến lúc phải phiền ngài rồi đây. Mong ngài xếp cho một người có vẻ ông tham, ông phán, đúng chiều thứ bảy sang bên tôi có hàng. Chính ông thân tôi là mòng. chắc chắn lắm! Còn nhiều két khác nữa, nhưng tôi chưa dám cam đoan vội, vì chưa xếp xong. Chỉ cần người chơi tổ tôm, tài bàn giỏi thôi, không dùng đến bát, đã gì ca. Đáng lẽ tôi phai \"thân hành\" sang cầu cứu song bận thu xếp, phải dùng chữ thay người, có điều đường đột, ngài cũng xá đi cho. Và xin báo trước bằng thơ, nói rõ hình dạng người mà ngài phái sang, đễ chúng tôi ra ga đón cho tiện. Xin nhớ, chúng tôi ở phố Tiền An, số nhà...</em></p><p class=\"ql-align-justify\"><em style=\"color: rgb(34, 34, 34);\">Kính thư</em></p><p class=\"ql-align-justify\"><em style=\"color: rgb(34, 34, 34);\">Vân</em></p><p class=\"ql-align-justify\"><span style=\"color: rgb(34, 34, 34);\">Xem xong, bốn mắt gặp nhau, tôi cố nhịn cười:</span></p><p class=\"ql-align-justify\"><span style=\"color: rgb(34, 34, 34);\">- Anh gọi bịp về&nbsp;</span><em style=\"color: rgb(34, 34, 34);\">bắt</em><span style=\"color: rgb(34, 34, 34);\">&nbsp;ông cụ đấy à? Gớm! Có hiếu nhỉ!</span></p><p class=\"ql-align-justify\"><span style=\"color: rgb(34, 34, 34);\">Anh Vân chỉ mỉm cười một cách khoái chí rồi lấy hồ dán kín phong thư.</span></p><p class=\"ql-align-center\"><span style=\"color: rgb(34, 34, 34);\">° ° °</span></p><p class=\"ql-align-justify\"><span style=\"color: rgb(34, 34, 34);\">Hai hôm sau. Trên con đường chạy ra ga Bắc Ninh với hai dãy cây um tùm đứng giàn hai bên, một chiếc ô tô hàng đứng chờ, mấy cái xe cao su lượn nghênh ngang, lùng khách. Anh Vân rảo bước đi bên tôi, cầm một lá thư lẩm nhẩm: \"Đúng 6 giờ chiều, ở ga xuống, người nào mặc ta, cầm máy ảnh, mặc cả xe đến phố Tiền An là đích đấy...\"</span></p><p class=\"ql-align-justify\"><span style=\"color: rgb(34, 34, 34);\">Đúng 6 giờ. Một hồi còi... Mười toa tàu lù lù hến đến sân ga, nhả ra độ mười hành khách. Có người gọi vợ, gọi con, mặc cả xe om sòm, có người bị phu xe túm bâu lấy mà chỉ biết kêu rối rít: \"Không, không !...\" Bỗng có một giọng dõng dạc, to hơn hết, nổi lên trong đám khách ồn ào:</span></p><p class=\"ql-align-justify\"><span style=\"color: rgb(34, 34, 34);\">- Chủng mày, thằng nào biết, mau kéo tao đến phố Tiền Anh nhà cụ...</span></p><p class=\"ql-align-justify\"><span style=\"color: rgb(34, 34, 34);\">- Đây rồi !</span></p><p class=\"ql-align-justify\"><span style=\"color: rgb(34, 34, 34);\">- Phải, đích người này rồi. áo gấm trong, áo sa tanh ngoài, giày ban&nbsp;3, tay có cầm máy ảnh. Răng vàng hé lộ mỗi khi cười lệch miệng, kính đồi mồi nằm trên sống mũi dọc dừa nghiêm trang. Mặt láu lỉnh ra phết ăn người.</span></p><p class=\"ql-align-justify\"><span style=\"color: rgb(34, 34, 34);\">Ba chúng tôi bắt tay nhau. Anh Vân pha trò mà giới thiệu:</span></p><p class=\"ql-align-justify\"><span style=\"color: rgb(34, 34, 34);\">- Đây là chú nó... còn ngài này... \"ân nhân\" của tôi !</span></p><p class=\"ql-align-justify\"><span style=\"color: rgb(34, 34, 34);\">Ông&nbsp;</span><em style=\"color: rgb(34, 34, 34);\">ân nhân của tôi</em><span style=\"color: rgb(34, 34, 34);\">&nbsp;ấy là ông đến&nbsp;</span><em style=\"color: rgb(34, 34, 34);\">giết</em><span style=\"color: rgb(34, 34, 34);\">&nbsp;bố nó để&nbsp;</span><em style=\"color: rgb(34, 34, 34);\">cứu</em><span style=\"color: rgb(34, 34, 34);\">&nbsp;con, mấy phút sau, được anh Vân rước về nhà kêu rầm lên: \"Thưa thầy, thưa đẻ, có bác tham&nbsp;4&nbsp;Ngọc vốn là bạn cũ sang chơi với con\" thì được cả nhà đón chào mừng rỡ. Nhất là lại được ông cụ già đạo mạo tiếp đãi ân cần, tự đem thân ra đóng cái vai con chim&nbsp;</span><em style=\"color: rgb(34, 34, 34);\">mòng</em><span style=\"color: rgb(34, 34, 34);\">&nbsp;đậu vừa đúng tầm súng cho kẻ đi săn.</span></p><p class=\"ql-align-justify\"><span style=\"color: rgb(34, 34, 34);\">Cuộc gặp gỡ của chủ với khách bắt đầu gắn bó bằng một bữa cơm bề bộn những thịnh soạn. Trong bữa tiệc kéo luôn hai tiếng đồng hồ, người ta nói đến những chuyện giời nắng, giời mưa, nạn khủng hoảng&nbsp;5, cuộc chiến tranh Trung - Nhật, việc nhà nước thi hành chính sách tiết kiệm rút lương, thải bớt người làm. Ông \"tham Ngọc\" của anh Vân ăn nói ôn tồn, đóng cái vai kịch của mình một cách thạo lắm. Ông hết bàn luận về đạo nghị định ngày 6 Octobre 1931&nbsp;6&nbsp;lại làm ra mặt học rộng, đả động đến cả bộ \"mặt trái\" của hội Quốc Liên&nbsp;7. Có khi ông tự giới thiệu: chỉ ham đọc sách và gặp dịp nhàn thì chỉ du ngoạn những phong cảnh đẹp chớ ít khi để ý đến sự chơi bời. Thấy con người giỏi mà nết na như vậy, cụ phán khâm phục ông ra mặt, ngợi khen mãi ông là người hữu ích, chẳng lêu lổng như em Vân. Rồi cụ cười khà khà:</span></p><p class=\"ql-align-justify\"><span style=\"color: rgb(34, 34, 34);\">- Dù bác không chơi bời gì thì tổ tôm, tài bàn cũng phải biết chứ?</span></p><p class=\"ql-align-justify\"><span style=\"color: rgb(34, 34, 34);\">Nụ cười vẫn giữ trên môi, ông \"tham Ngọc\" thong thả đáp lại:</span></p><p class=\"ql-align-justify\"><span style=\"color: rgb(34, 34, 34);\">- Bẩm vâng! Ngoài sự đọc sách với chơi ảnh ra, con cũng chẳng còn cách gì giải trí nữa. Đi hát ả đào hay rượu chè, hút xách thì tai hoạ, mà giai gái thì bẩm... chúng con đã quá tuổi rồi! Vả lại tổ tôm, tài bàn là cái chơi thanh nhã, khác nào như cuộc đấu trí. Con cho đó là một cách giải trí lịch sự mà người thượng lưu cần phải biết.</span></p><p class=\"ql-align-justify\"><span style=\"color: rgb(34, 34, 34);\">Thiết tưởng một phạm nhân can tội giết người mà được trạng sư&nbsp;8&nbsp;cãi cho trắng án cũng vị tất đã có lòng kính phục, ngưỡng mộ, nhớ ơn ông thầy cãi của mình như cụ phán của tôi kính phục, ngưỡng mộ, nhớ ơn ông \"trạng sư của tài bàn, tổ tôm\" lúc ấy. Đánh trúng vào chỗ yếu của ông cụ rồi, tay bịp già đã thèm nhận những lời ân cần mời mọc vào cuộc tài bàn ngay cho đâu!</span></p><p class=\"ql-align-justify\"><span style=\"color: rgb(34, 34, 34);\">- Bẩm con định sang hầu cụ với thăm anh Vân con rồi nhân tiện đi chụp ít ảnh vì cảnh những đồi Lim đẹp đã có tiếng... chứ không nghĩ đến sự sang đây lại được cụ ép đánh tài bàn !</span></p><p class=\"ql-align-justify\"><span style=\"color: rgb(34, 34, 34);\">Cụ phán cố phân trần cho ra lẽ:</span></p><p class=\"ql-align-justify\"><span style=\"color: rgb(34, 34, 34);\">- Nhưng còn cả ngày mai thì bác ngại gì? Tôi chỉ sợ bác chả đem nổi vài vạn tấm lánh sáng mà chụp cho xuể thôi.</span></p><p class=\"ql-align-justify\"><span style=\"color: rgb(34, 34, 34);\">Thế là thành cuộc. Bốn vai trò: ông \"tham Ngọc\"&nbsp;</span><em style=\"color: rgb(34, 34, 34);\">người đi săn</em><span style=\"color: rgb(34, 34, 34);\">, anh Vân&nbsp;</span><em style=\"color: rgb(34, 34, 34);\">người hướng đạo</em><span style=\"color: rgb(34, 34, 34);\">, ông thân sinh ra anh,&nbsp;</span><em style=\"color: rgb(34, 34, 34);\">chim mòng</em><span style=\"color: rgb(34, 34, 34);\">, với tôi, một người tò mò, đi xem. Tôi rất lấy làm lạ vì cứ thấy vai con chim mòng thắng trận, ù tràn đi mà nhà đi săn kia đã phí gần hai mươi&nbsp;</span><em style=\"color: rgb(34, 34, 34);\">viên đạn</em><span style=\"color: rgb(34, 34, 34);\">. Chính anh Vân cũng hơi tái mặt, chỉ sợ người mình lôi về chưa hẳn là thiện xạ, có bao nhiêu lại đến chui hết cả vào két của ông cụ thì...</span></p><p class=\"ql-align-justify\"><span style=\"color: rgb(34, 34, 34);\">Làm ra bộ thua cay, nóng tiết, đang đánh một, hai, ba đồng, ông \"tham Ngọc\" rủ đánh gấp đôi.</span></p><p class=\"ql-align-justify\"><span style=\"color: rgb(34, 34, 34);\">- Thưa cụ, đánh nhỏ con lại hay thua, có đánh to mới cao được.</span></p><p class=\"ql-align-justify\"><span style=\"color: rgb(34, 34, 34);\">Gặp hồi đỏ, ông cụ hăng hái như đang say rượu nhận lời liền! Thể là từ lúc đánh hai, bốn, sáu đồng, ông cụ năm thì mười hoạ mới được một ván ù suông. Ù tài bàn, sửu bàn&nbsp;9&nbsp;chỉ riêng về ông \"tham Ngọc\".</span></p><p class=\"ql-align-justify\"><span style=\"color: rgb(34, 34, 34);\">Thấy số giấy bạc trước mặt, trong tủi mình cứ lần lượt chui ra rồi bay đi với gió, moi ví mãi nóng tiết, ông già thỉnh thoảng lại làm ván ké một \"rồng xanh\"&nbsp;10. Nhưng bao nhiêu cũng đều \"giá vũ đằng vân\" đi đâu mất cả!</span></p><p class=\"ql-align-justify\"><span style=\"color: rgb(34, 34, 34);\">Cái ví lép kẹp của ông già giục cả làng&nbsp;</span><em style=\"color: rgb(34, 34, 34);\">tan chầu</em><span style=\"color: rgb(34, 34, 34);\">, đứng lên:</span></p><p class=\"ql-align-justify\"><span style=\"color: rgb(34, 34, 34);\">- Thôi, mời bác lên gác đi nghỉ với em. Bác đỏ và đánh cao quá, thật số bác hôm nay phát tài. Tôi thua dễ đến hơn sáu chục !...</span></p><p class=\"ql-align-justify\"><span style=\"color: rgb(34, 34, 34);\">Ông cụ \"tuy không ăn ớt mà cay \" nhưng vẫn vui vẻ như thường, vẫn thản nhiên, lộ cái vẻ yêu con người đã lịch thiệp lại có biệt tài, đánh tài bàn cao.</span></p><p class=\"ql-align-justify\"><span style=\"color: rgb(34, 34, 34);\">Còn tôi, tuy tò mò ngồi để ý mất cả buổi tôi, cũng không sao khám phá nổi những ngón bịp ! Vậy \"mặt mũi\" những ngón bịp thế nào?</span></p><p class=\"ql-align-center\"><span style=\"color: rgb(34, 34, 34);\">° ° °</span></p><p class=\"ql-align-justify\"><span style=\"color: rgb(34, 34, 34);\">Trên gác riêng của anh Vân, giữa lúc chia tiền.</span></p><p class=\"ql-align-justify\"><span style=\"color: rgb(34, 34, 34);\">- Vốn tôi đem sang: mười lăm đồng, vốn bác: năm đồng, mà đây tám mươi ba tất cả, thế là cụ bị mất đút 63 đồng. Đáng lẽ ta chia ba, ông ấm B... ở Hà Nội với tôi hai, còn bác một. Nghĩa là cả ba&nbsp;</span><em style=\"color: rgb(34, 34, 34);\">đạo binh</em><span style=\"color: rgb(34, 34, 34);\">&nbsp;cùng hưởng: đoàn hướng đạo, đoàn quân thắng trận với bộ tham mưu. Nhưng&nbsp;</span><em style=\"color: rgb(34, 34, 34);\">mòng</em><span style=\"color: rgb(34, 34, 34);\">&nbsp;là cụ nhà bác thì bác cứ cầm bốn mươi&nbsp;</span><em style=\"color: rgb(34, 34, 34);\">của</em><span style=\"color: rgb(34, 34, 34);\">. Anh em chúng tôi chỉ dùng 23&nbsp;</span><em style=\"color: rgb(34, 34, 34);\">hòn đạn</em><span style=\"color: rgb(34, 34, 34);\">&nbsp;là đủ rồi.</span></p><p class=\"ql-align-justify\"><span style=\"color: rgb(34, 34, 34);\">Trước cái thái độ nhã nhặn và biết điều này, anh Vân đáp bằng cái gật đầu, chìa tay ra nhận và nói:</span></p><p class=\"ql-align-justify\"><span style=\"color: rgb(34, 34, 34);\">- Để lần sau bác sang, tôi gọi cho mấy&nbsp;</span><em style=\"color: rgb(34, 34, 34);\">via</em><span style=\"color: rgb(34, 34, 34);\">&nbsp;11&nbsp;nữa đến, rồi ta lại sẽ có dịp được chia hương hoả với nhau. Nhưng tôi muốn bác cho xem qua các&nbsp;</span><em style=\"color: rgb(34, 34, 34);\">ngón</em><span style=\"color: rgb(34, 34, 34);\">&nbsp;để sau này mà tránh...</span></p><p class=\"ql-align-justify\"><span style=\"color: rgb(34, 34, 34);\">Nhà đi săn cười. Một cuộc phấn đẩu chốc lát trong óc anh chàng: bí mật nhà nghề, cỏ nên? Hay không?</span></p><p class=\"ql-align-justify\"><span style=\"color: rgb(34, 34, 34);\">Sau một lúc lưỡng lự, \"ông tham\" có ý lấy chúng tôi làm chỗ đồng chí, cũng chẳng phải ngại gì. Chúng tôi ngồi nghe như hai cậu học trò trước một giáo sư dạy khoa quỷ thuật.</span></p><p class=\"ql-align-justify\"><span style=\"color: rgb(34, 34, 34);\">- Có ba lối tài bàn. Thứ nhất: lối&nbsp;</span><em style=\"color: rgb(34, 34, 34);\">đánh kiệu</em><span style=\"color: rgb(34, 34, 34);\">&nbsp;hay là&nbsp;</span><em style=\"color: rgb(34, 34, 34);\">nhị cập nhất</em><span style=\"color: rgb(34, 34, 34);\">, hai người thông lưng nhau hại một người bằng những luật nhất định như để tay vào đùi, vào gối, ống chân, bàn chân tuỳ theo quân chờ về hàng&nbsp;</span><em style=\"color: rgb(34, 34, 34);\">văn</em><span style=\"color: rgb(34, 34, 34);\">, hàng&nbsp;</span><em style=\"color: rgb(34, 34, 34);\">sách</em><span style=\"color: rgb(34, 34, 34);\">, hàng vạn... Muốn ăn quân gì hoặc chờ quân gì, cứ việc ra hiệu để bên kia để ý đánh cho mà ăn hoặc hạ ù. Nhưng đó chỉ là phương pháp của các bịp non, dễ lộ tẩy, nếu người ta nghi hoặc, khám bài thấy rõ sự đánh tầm bậy, gian lận thì nguy. Lối ấy không xứng đáng, tôi không thèm dùng.</span></p><p class=\"ql-align-justify\"><span style=\"color: rgb(34, 34, 34);\">Thứ nhì:&nbsp;</span><em style=\"color: rgb(34, 34, 34);\">hụt nọc</em><span style=\"color: rgb(34, 34, 34);\">. Lối chơi này cần mĩ thuật lắm, người đánh phải có cả tài lẫn gan. Bắt&nbsp;</span><em style=\"color: rgb(34, 34, 34);\">cái</em><span style=\"color: rgb(34, 34, 34);\">&nbsp;xong, mình phải cầm lấy bài&nbsp;</span><em style=\"color: rgb(34, 34, 34);\">nọc</em><span style=\"color: rgb(34, 34, 34);\">&nbsp;vờ&nbsp;</span><em style=\"color: rgb(34, 34, 34);\">chang</em><span style=\"color: rgb(34, 34, 34);\">&nbsp;đi mấy lớp. Thế là vài ba quân đã theo cái&nbsp;</span><em style=\"color: rgb(34, 34, 34);\">chang</em><span style=\"color: rgb(34, 34, 34);\">&nbsp;chui lọt, nằm gọn trong tay áo mình rồi Đến lúc lên bài, phải&nbsp;</span><em style=\"color: rgb(34, 34, 34);\">xoay</em><span style=\"color: rgb(34, 34, 34);\">&nbsp;đi cho&nbsp;</span><em style=\"color: rgb(34, 34, 34);\">phu</em><span style=\"color: rgb(34, 34, 34);\">&nbsp;nào vào&nbsp;</span><em style=\"color: rgb(34, 34, 34);\">phu</em><span style=\"color: rgb(34, 34, 34);\">&nbsp;ấy,&nbsp;</span><em style=\"color: rgb(34, 34, 34);\">lưng</em><span style=\"color: rgb(34, 34, 34);\">&nbsp;nào vào&nbsp;</span><em style=\"color: rgb(34, 34, 34);\">lưng</em><span style=\"color: rgb(34, 34, 34);\">&nbsp;ấy, Thừa quân thì dễ ù lắm. Nếu ù... hạ bài xong cử để mặc làng khám cho kĩ. Xong đâu đấy, gạt cả ra một góc chiếu cho người chia bài... là mấy quân bài trốn thẻ\" trong tay áo đã thừa cơ chui tọt ra, theo cái lúc \"hỗn quân hỗn quan\", hợp với bọn lính thắng trận về cổng khải hoàn. Muốn đề phòng sự làng nghi ngờ, thấy mình ù nhiều mà điểm lại bài nọc, bài rìa, thì có hai cách&nbsp;</span><em style=\"color: rgb(34, 34, 34);\">cản</em><span style=\"color: rgb(34, 34, 34);\">. Một là thấy mình hạ xong ông \"bạn đồng chí\" cầm ngay lấy phần nọc vờ tìm quân ông ta đang chờ, phàn nàn rầm lên, \"gọi chó\" rầm lên, ồ ạt xoá đi cho người kia không kịp điểm nữa. Hai là rút ở nọc lên mà ù. Quần bài chờ ấy lẽ tất nhiên là quân mình thụt được ở nọc từ trước đã giấu sẵn trong tay. Lúc xoa tay xuống nọc vờ rút nó lên thì trong lòng bàn tay phải có sẵn cả những quân mình đã hụt, trả vào&nbsp;</span><em style=\"color: rgb(34, 34, 34);\">nọc</em><span style=\"color: rgb(34, 34, 34);\">, chỉ \"xách cổ\" lên một quân chờ ù. Đến thế thì ván nào mình ù, làng có điểm bài cũng không ngại gì nữa.</span></p><p class=\"ql-align-justify\"><span style=\"color: rgb(34, 34, 34);\">Lắm khi chơi với bọn thạo, không hụt nổi ở nọc thì mình phải dùng đến chước thứ ba, nghĩa là hụt vào phần bài của ông \"bạn đồng chí\" với mình. Bắt&nbsp;</span><em style=\"color: rgb(34, 34, 34);\">cái</em><span style=\"color: rgb(34, 34, 34);\">&nbsp;xong, cầm phần bài mình trong tay rồi, mình lại phải vớ lấy \"phần bài tòng phạm\" liệng trả ông bạn. Trong cái liệng rất ý tứ mà ít ai để ý ấy, ngón tay cái với ngón tay trỏ của mình đã \"họp đảng\" với nhau giữ lại vài quân, trập phắt vào phần mình. Thế là ông bạn cầm phần bài thiếu phải đánh bậy bạ cho qua cuộc, cốt sao \"che mắt thế gian\".</span></p><p class=\"ql-align-justify\"><span style=\"color: rgb(34, 34, 34);\">Ấy, chỉ có thế thôi, bịp tài bàn cũng vậy hay tổ tôm cũng vậy..Cốt nhất phải có bộ mặt tài tử đóng kịch, nghiễm nhiên, bệ vệ, cũng cốt nhất là ngồi vào một chỗ không ai ám nổi, tránh cho xa những bác&nbsp;</span><em style=\"color: rgb(34, 34, 34);\">chầu rìa</em><span style=\"color: rgb(34, 34, 34);\">. Trong cuộc giảng bài này, ông \"tham\" cho chúng tôi rõ cả phần thực hành lẫn phần lí thuyết. Nhanh như chớp, ông giở ngón có bảo trước cho biết mà chúng tôi chịu, không sao vớ được cái \"thiên biến vạn hoá\" của nhà quỷ thuật đại tài.</span></p><p class=\"ql-align-justify\"><span style=\"color: rgb(34, 34, 34);\">Bữa tiệc nào cũng phải có đồ nước nên nhà bạc bịp thuật thêm một câu chuyện ngắn nữa để làm món&nbsp;</span><em style=\"color: rgb(34, 34, 34);\">đét-xe</em><span style=\"color: rgb(34, 34, 34);\">.</span></p><p class=\"ql-align-justify\"><span style=\"color: rgb(34, 34, 34);\">Một lần, ngồi vào cuộc với hai ông khách lạ mà tôi tưởng là&nbsp;</span><em style=\"color: rgb(34, 34, 34);\">quých</em><span style=\"color: rgb(34, 34, 34);\">, tôi vờ&nbsp;</span><em style=\"color: rgb(34, 34, 34);\">chang</em><span style=\"color: rgb(34, 34, 34);\">&nbsp;bài nọc, hụt xong, để xuống đĩa thì bỗng phải giật mình lo sợ vì chỉ cuỗm có bốn quân mà sao phần nọc có lẽ thiếu nhiều? Đang mải ngẫm nghĩ thì một ông khách lạ nắm chặt lấy tay tôi. Cuống quá, đã tái cả mặt nhưng nhanh trí khôn, tôi cũng vội liều nắm chặt cổ tay ông ta làm cái \"trả miếng\". Rồi chúng tôi cùng buông nhau ra để cười sằng sặc, gập đôi người lại mà cười. Tôi hụt bốn quân bài thì ông khách ấy cũng hụt ba quân cộng với một quân. Ông ta chia thừa cho phần bài của ông mà tôi thì hụt nọc! Chúng tôi gọi buổi ấy là ngày \"anh hùng tương ngộ\", cũng là \"bịp lũa\" cả mà bên nọ còn tưởng bên kia là&nbsp;</span><em style=\"color: rgb(34, 34, 34);\">mòng</em><span style=\"color: rgb(34, 34, 34);\">.</span></p><p class=\"ql-align-justify\"><span style=\"color: rgb(34, 34, 34);\">Trước mặt anh chàng dắt khách lấy hồ hòng chuyện nọ kia, mặt tiu nghỉu như chó bị thiến, chúng tôi vỗ vai nhau, bắt tay nhau một cách ân cần, gọi nhau là \"tri kỉ\".</span></p><p class=\"ql-align-justify\"><span style=\"color: rgb(34, 34, 34);\">--------------------------------</span></p><p class=\"ql-align-right\"><span style=\"color: rgb(34, 34, 34);\">1</span></p><p class=\"ql-align-justify\"><span style=\"color: rgb(34, 34, 34);\">Ông Ấm B. sổ...phố Hàng Cá. Hà Nội.</span></p><p class=\"ql-align-right\"><span style=\"color: rgb(34, 34, 34);\">2</span></p><p class=\"ql-align-justify\"><span style=\"color: rgb(34, 34, 34);\">Bắc Ninh. ngày 26 tháng 2 năm 1933.</span></p><p class=\"ql-align-right\"><span style=\"color: rgb(34, 34, 34);\">3</span></p><p class=\"ql-align-justify\"><span style=\"color: rgb(34, 34, 34);\">Giày da mềm dùng những khi nhảy đầm.</span></p><p class=\"ql-align-right\"><span style=\"color: rgb(34, 34, 34);\">4</span></p><p class=\"ql-align-justify\"><span style=\"color: rgb(34, 34, 34);\">Tham tán là nhân viên hành chính trung cấp của các cơ quan của Pháp.</span></p><p class=\"ql-align-right\"><span style=\"color: rgb(34, 34, 34);\">5</span></p><p class=\"ql-align-justify\"><span style=\"color: rgb(34, 34, 34);\">Kinh tế khủng hoảng, nói tắt.</span></p><p class=\"ql-align-right\"><span style=\"color: rgb(34, 34, 34);\">6</span></p><p class=\"ql-align-justify\"><span style=\"color: rgb(34, 34, 34);\">Mồng 6 tháng 10 năm 1931.</span></p><p class=\"ql-align-right\"><span style=\"color: rgb(34, 34, 34);\">7</span></p><p class=\"ql-align-justify\"><span style=\"color: rgb(34, 34, 34);\">Hội các nước trên thế giới năm 1920, đến 1946 đổi thành tên Liên Hiệp Quốc.</span></p><p class=\"ql-align-right\"><span style=\"color: rgb(34, 34, 34);\">8</span></p><p class=\"ql-align-justify\"><span style=\"color: rgb(34, 34, 34);\">Luật sư.</span></p><p class=\"ql-align-right\"><span style=\"color: rgb(34, 34, 34);\">9</span></p><p class=\"ql-align-justify\"><span style=\"color: rgb(34, 34, 34);\">Ù tài bàn là ăn một ván bài to nhất, sửu bàn là to thử hai.</span></p><p class=\"ql-align-right\"><span style=\"color: rgb(34, 34, 34);\">10</span></p><p class=\"ql-align-justify\"><span style=\"color: rgb(34, 34, 34);\">Giấy bạc hai mươi đồng.</span></p><p class=\"ql-align-right\"><span style=\"color: rgb(34, 34, 34);\">11</span></p><p class=\"ql-align-justify\"><span style=\"color: rgb(34, 34, 34);\">Nói theo tiếng Pháp: vieux nghĩa là ông già.</span></p><p>&nbsp;</p>', 0, 5, '', 2636, 0, 1, '2025-09-10 11:47:27', 0, 2),
(18, 20, 'Ông quân sư của bạc bịp', '<p>Chương 2: Ông quân sư của bạc bịp</p><p>&nbsp;</p><p class=\"ql-align-justify\"><span style=\"color: rgb(34, 34, 34);\">- Ông nên biết rằng: quá nửa đởi người, tôi đã sổng bằng nghề cờ bạc. Muốn sống về nghề cờ bạc, phải cỏ cách trừ khử những cái đáng nơm nớp lo ngại là cái&nbsp;</span><em style=\"color: rgb(34, 34, 34);\">đỏ</em><span style=\"color: rgb(34, 34, 34);\">&nbsp;cái&nbsp;</span><em style=\"color: rgb(34, 34, 34);\">đen</em><span style=\"color: rgb(34, 34, 34);\">... Hiện nay anh em tôn tôi là... trùm đảng bạc bịp. Trước khi lên được địa vị này, tôi cũng đã lắm phen phải đóng những vai trò&nbsp;</span><em style=\"color: rgb(34, 34, 34);\">mòng</em><span style=\"color: rgb(34, 34, 34);\">&nbsp;với&nbsp;</span><em style=\"color: rgb(34, 34, 34);\">quých</em><span style=\"color: rgb(34, 34, 34);\">&nbsp;cho một lũ bạc bịp tiền bối họ móc xé ruột gan đấy, ông ạ. Những lúc thất cơ lỡ vận trước là&nbsp;</span><em style=\"color: rgb(34, 34, 34);\">vốn</em><span style=\"color: rgb(34, 34, 34);\">&nbsp;buôn cho tôi được hưởng cái&nbsp;</span><em style=\"color: rgb(34, 34, 34);\">lãi</em><span style=\"color: rgb(34, 34, 34);\">&nbsp;là cái địa vị... bây giờ.</span></p><p class=\"ql-align-justify\"><span style=\"color: rgb(34, 34, 34);\">Người đang kể tiểu sử của mình ra cho tôi với anh Vân nghe chính là ông ấm B... ở ngõ Hàng Cá. Trong gian phòng gác mà cách bày biện đủ tỏ rằng chủ nhân cũng là hạng người thiệp đời, lịch sự, chúng tôi đã được ông trùm tiếp một cách nhã nhặn mà lại được cả dịp đón nhặt tài liệu cho cuộc phỏng vấn ngẫu nhiên đây.</span></p><p class=\"ql-align-justify\"><span style=\"color: rgb(34, 34, 34);\">Những người chỉ nghe danh mà không biết mặt ắt phải tưởng tượng rằng đến hạng người đáo để này thì từ nét mặt, giọng nói, dáng đi cho đến tà áo, gấu quần, tất nhiên cái gì cũng phải có vẻ bịp cả! Trái lại, ông ta là người trông đẫy đà, bệ vệ như một ông hậu bổ hoặc một viên tri châu&nbsp;1&nbsp;nào. Hai con mắt rất sắc sảo, có đủ vẻ đối địch với đởi, tiểu nhân cũng được mà quân tử cũng được. Miệng nói có duyên một cách lạ, thường hay mỉm cười để \"giá trị\" cho câu chuyện: nhất là những lúc gọi đến thằng nhỏ thì tiếng đồng sang sảng, thật là có giọng quan!</span></p><p class=\"ql-align-justify\"><span style=\"color: rgb(34, 34, 34);\">Chúng tôi họp mặt nhau mới độ một giờ mà trong câu chuyện đã thấy ngay cái không khí nồng nàn, tri kỉ. Được dễ thân như thế là vì có anh Vân, người cùng đi với tôi để thăm ông ấm, trước nay đã làm \"chim mồi\" cho ông đê săn các bạn già cụ phán bên tỉnh Bắc cùng những tín đồ của \"đổ bác giáo\" bao nhiêu lần rồi.</span></p><p class=\"ql-align-justify\"><span style=\"color: rgb(34, 34, 34);\">Vì vậy, ông ấm mới chẳng ngại kể lể tâm sự và nói rõ cả những bí mật nhà nghề đáng giấu kín cho chúng tôi nghe. Nhưng trước khi cho biết những cái \"vành ngoài vành trong\", ông hãy làm trạng sư cho ông, cho địa vị xã hội của ông, và cho cái nghề không có môn bài của ông đã.</span></p><p class=\"ql-align-justify\"><span style=\"color: rgb(34, 34, 34);\">- Tại sao tôi, dòng dõi gia thế, lại làm đến cái nghề... bất nhã này? Thưa ông, nếu tôi có thật không ra gì thì cái đó cũng chẳng phải lỗi tự tôi, tôi đã bị hại về hoàn cảnh xấu của xã hội. Nhưng tôi chỉ tự trách mình và vẫn nên tự trách xã hội. Sống ở cái xã hội cờ bạc, tôi chỉ biết rằng tôi đã là kẻ rong chơi bài bạc tự lúc thiểu thời. Tôi đã thua vì đỏ đen, tôi lại còn thua vì bịp nữa! Tôi đã phải xa gia đình vì phá tan cơ nghiệp, tôi đã khốn khổ, ê trệ - ê trệ nhiều phen lắm, hai ông ạ - cho nên chính ngày nay là ngày tôi đang trả thù cái bọn đã làm tôi hư hỏng, đã ngăn rào mọi đường công danh tiến thủ của tôi. Đỏ có là công lí không? Tôi tưởng: làm việc thiện dể đền ơn việc thiện, lấy việc ác để trả nghĩa việc ác, thế mới là biết sống ở đời... Nói cho cùng, tôi cũng vui vì đã làm, đang làm, sau này nữa cũng vẫn cứ làm cái nghề bất lương, cái nghề tôi cho là phải. Tôi chỉ buồn có một nỗi: không theo đuổi nổi sự nghiệp của ông cụ nhà tôi...</span></p><p class=\"ql-align-justify\"><span style=\"color: rgb(34, 34, 34);\">Đến đây, ông ấm ngừng lại, có vẻ buồn rầu. Ông có ý chờ một câu phê phán. Tôi vội phải lộ sự tôi hiểu ý một cách kín đáo là đưa mắt nhìn cái ảnh lớn trong một khung vàng chói một ông cụ đi hia, mặc áo rồng, đội mũ cánh chuồn từ một chỗ trịnh trọng giữa bàn thờ nhìn một cách nghiêm khắc xuống lũ chúng tôi. Cử chỉ ấy có lẽ khiến ông ấm được một vài phút tự kiêu, nên lại vui lòng:</span></p><p class=\"ql-align-justify\"><span style=\"color: rgb(34, 34, 34);\">- Vậy các ông coi cờ bạc là hạng thế nào? Tâm lí họ ra sao? Họ khôn hay họ dại đấy... Hai chủ khôn với dại trong sự bài bạc không có nghĩa nhất định. Nếu ông thua để vợ con phải nheo nhóc, thiên hạ sẽ đua nhau chê ông là dại thật dấy, nhưng nếu ông được tiền nghìn bạc vạn để tậu nhà tậu ruộng, thiên hạ họ lại xô nhau vỗ tay, ca tụng ông là khôn! Những anh cờ bạc toàn là những anh - xin lỗi các ông - những anh... \"khôn sặc máu mồm\" ra cả dấy, chứ các ông bảo họ dại cái nỗi gì? Tôi đây, tôi đã là một thằng dại mãi rồi mà tôi lại cứ muốn cầu cái khôn trong cái dại, nên mới phải tìm một cách \"bảo hiểm\" cho sự khôn!</span></p><p class=\"ql-align-justify\"><span style=\"color: rgb(34, 34, 34);\">ông ấm cả cười. Chúng tôi cũng cười. Sau ông tiếp nốt (từ đây trở đi, tài hùng biện của ông mỗi lúc một tăng):</span></p><p class=\"ql-align-justify\"><span style=\"color: rgb(34, 34, 34);\">- Thế các ông coi cái nghề của tôi bằng con mắt thản nhiên hay bằng con mắt khinh bỉ? Các ông nên biết: tuy là bịp, tôi vẫn không làm một việc nhỏ mọn gì là bất nghĩa cả. Trong đám bạc, người đời đã chỉ những muốn ăn thịt lẫn nhau cả, thì dù có bất nghĩa, tôi cũng chỉ bất nghĩa với một bọn bất nghĩa, chứ những người hiền lành không tham lam, không muốn ăn thịt ai cả, có khi nào đến nỗi bị chúng tôi hại đâu?</span></p><p class=\"ql-align-justify\"><span style=\"color: rgb(34, 34, 34);\">Xem ý anh Vân lại được hài lòng, vui sướng hơn cả ông ấm B... vì \"bài cãi\" ấy. Rồi anh nối lời thuyết mãi, thuyết mãi... về cái nghĩa chính danh của sự bất nghĩa ở thời buổi vật chất, kim tiền này.</span></p><p class=\"ql-align-justify\"><span style=\"color: rgb(34, 34, 34);\">Buổi nói chuyện kéo đến lượt hò đun nước thứ ba. Chúng tôi phải đứng lên, xin cáo từ. Lởi nói cuối cùng của ông ấm B... là một câu phàn nàn về nạn kinh tế, về nỗi&nbsp;</span><em style=\"color: rgb(34, 34, 34);\">mòng, két</em><span style=\"color: rgb(34, 34, 34);\">&nbsp;mỗi ngày một hiếm, không được&nbsp;</span><em style=\"color: rgb(34, 34, 34);\">mùa săn</em><span style=\"color: rgb(34, 34, 34);\">. Ông ta dặn chủng tôi nên rất để ý vào sự từn&nbsp;</span><em style=\"color: rgb(34, 34, 34);\">đất</em><span style=\"color: rgb(34, 34, 34);\">&nbsp;để làm&nbsp;</span><em style=\"color: rgb(34, 34, 34);\">tiền</em><span style=\"color: rgb(34, 34, 34);\">.</span></p><p class=\"ql-align-justify\"><span style=\"color: rgb(34, 34, 34);\">Lời dặn ấy làm cho tôi phải nghĩ ngợi mãi? Vì sao? Vì nếu đối với ông ta, tôi không có mòng, sẽ bị coi là đồ vô tích sự, và sẽ mất dịp đi lại với ông về sau. Thành thử ở vào trường hợp ấy, tôi rất thèm thuồng ham muốn địa vị của anh Vân. Anh Vân tuy chưa cỏ gan dắt bịp đến bắt các anh em bạn thân, song anh ta cũng còn may vì có được một ông thân sinh ham mê hên bạc. Và mấy ông tóc bạc, bạn của ông cụ ấy nữa. Chỗ để đào tiền đã có sẵn, anh ta lại sẵn cả chỗ để ném tiền đi: những mẻng! Còn tôi, tuy cỏ nhiều bạn thân ham mê bài bạc thật, nhưng không nỡ dắt bịp đến bắt, lại không có nôi lấy một ông bố có máu mê ấy nên không biết liệu phải đối phó với ông ấm B... bằng cách nào...</span></p><p class=\"ql-align-justify\"><span style=\"color: rgb(34, 34, 34);\">Tưởng chỉ còn cái kế cuối cùng là sự hẹn lần vậy. Có khi mình hẹn lần vì bất đắc dĩ mà người ta lại nhầm mình là hạng người cẩn thận, kín đáo, chắc chắn cũng không biết chừng. Vả lại, trước khi nhúng tay vào một việc có thể phạm tới danh dự của mình chút ít, dễ thường cứ bắt người ta nhắm mắt mà làm liều, không cho có ngày được rõ diện mạo, tímh tình nhân cách và mọi cử chỉ của từng viên chức trong \"bộ tham mưu\" ư?</span></p><p class=\"ql-align-justify\"><span style=\"color: rgb(34, 34, 34);\">Cái ngày mà tôi được rõ mọi việc cũng không xa. May quá, nó đến trước khi tôi phải hẹn lần.</span></p><p class=\"ql-align-center\"><span style=\"color: rgb(34, 34, 34);\">° ° °</span></p><p class=\"ql-align-justify\"><span style=\"color: rgb(34, 34, 34);\">Cái lịch trên tường phô ra hai con số: 30. Gian phòng gác ở phố Hàng Cá vào những ngày cuối tháng như ngày này, có cái vẻ nhộn nhịp của một toà tham mưu giữa lúc hai bên quân đương giao chiến với nhau thật kịch liệt. Vừa phần vì lẽ \"năng tới coi thường\", vừa phần hai bên đã coi nhau là thân mật, ông ấm để mặc chúng tôi mỗi anh ngồi chầu một chén nước nóng còn mình thì một tay đỡ lấy trán, tay kia bấm đốt, tỉnh lẩm bẩm như một thầy bói lấy số tử vi: \"... Hai đám xì một đám bất, một đám xóc đã và một đám tổ tôm. Đám xì ở Hàng Kèn đã có Ba Mỹ Ký với Bập đánh&nbsp;</span><em style=\"color: rgb(34, 34, 34);\">giác</em><span style=\"color: rgb(34, 34, 34);\">... đám xì đường Cột Cờ đã có tay Bỉnh, tay Sính đánh đòn&nbsp;</span><em style=\"color: rgb(34, 34, 34);\">Vân Nam</em><span style=\"color: rgb(34, 34, 34);\">... Còn đám bất phố Hàng Bông đã cỏ lão Cường hoặc đánh&nbsp;</span><em style=\"color: rgb(34, 34, 34);\">lớp</em><span style=\"color: rgb(34, 34, 34);\">, hoặc đánh&nbsp;</span><em style=\"color: rgb(34, 34, 34);\">mẫu tử</em><span style=\"color: rgb(34, 34, 34);\">. Xong đứt ba đám... Còn đám tổ tôm không biết nên tính thế nào? Chỗ chơi là chỗ đài các phong lưu mà phái Cửu Sần đi thì sợ lộ !... Ác quá, có cụ Ngọc là người trông có mẽ một chút thì lại mắc xuống Nam. Cẩu thật!... Còn mấy.anh lái nâu động mả, giữa lúc giời đất này cũng về khua xóc đĩa nữa, đã nằm chờ sẵn như lợn cả kia thì biết cắt ai đi chọc tiết bây giờ?... Chỉ có mình, mình là tay khả dĩ đối thủ được với chúng thôi, thì mình lại phải cái tội đã&nbsp;</span><em style=\"color: rgb(34, 34, 34);\">loã lồ</em><span style=\"color: rgb(34, 34, 34);\">&nbsp;quá.</span></p><p class=\"ql-align-justify\"><span style=\"color: rgb(34, 34, 34);\">Mấy tiếng gót giày khẽ nện vào bậc thang gác báo trước cho một người còn trẻ tuổi, ăn mặc ra một tay trong phái bồi, bếp, rón rén bước lên. Thấy chúng tôi lạ mặt, người ấy có vẻ ngần ngại, chỉ đưa mắt hỏi ông ấm chứ không nói gì. Ông này làm ngay một câu:</span></p><p class=\"ql-align-justify\"><span style=\"color: rgb(34, 34, 34);\">- Thế nào?... Được, cứ tự nhiên, chỗ anh em cả.</span></p><p class=\"ql-align-justify\"><span style=\"color: rgb(34, 34, 34);\">Người trẻ tuổi kia lộ ngay cái vẻ sung sướng ra như đang có một gánh nặng trên vai mà đến lúc vừa hạ được nó xuống đất. Nhưng đôi lông mày vẫn cau:</span></p><p class=\"ql-align-justify\"><span style=\"color: rgb(34, 34, 34);\">- Hỏng mất cụ ạ!...</span></p><p class=\"ql-align-justify\"><span style=\"color: rgb(34, 34, 34);\">- Thế nào mà đến nỗi hỏng? Thu xếp thế mà lại hỏng thì hỏng thế nào?</span></p><p class=\"ql-align-justify\"><span style=\"color: rgb(34, 34, 34);\">- Tôi đã dò lão ta rất kĩ lưỡng. Thằng cha ấy nó biết rõ lối đánh&nbsp;</span><em style=\"color: rgb(34, 34, 34);\">giác</em><span style=\"color: rgb(34, 34, 34);\">&nbsp;từ bao giờ ấy mất rồi. Tôi gợi chuyện thì nó đã nói toạc móng heo ra, những là nó biết hết tất cả các lối&nbsp;</span><em style=\"color: rgb(34, 34, 34);\">giác mùi</em><span style=\"color: rgb(34, 34, 34);\">&nbsp;hay giác bóng cũng vậy, và chỉ có những đồ mù thì mới không biết cách khám thấy dấu, chứ cứ để nghiêng quân bài dưới ánh sáng đèn một tí thì anh nào đến thong manh dở cũng phải biết ngay! Lại còn nỗi khó khăn này: muốn bắt lão ta, phải đến tận nhà thằng cháu lão ta, chứ lão nhất định không đi chơi chỗ nào lạ. Tôi phải tìm cách \"bỏ nhỏ\" với thằng cháu lão và việc ấy cũng ổn rồi. Vậy thì cụ xếp cho một người cản nữa để tôi đánh&nbsp;</span><em style=\"color: rgb(34, 34, 34);\">Vân Nam</em><span style=\"color: rgb(34, 34, 34);\">&nbsp;vậy.</span></p><p class=\"ql-align-justify\"><span style=\"color: rgb(34, 34, 34);\">Ông ấm ngần ngại:</span></p><p class=\"ql-align-justify\"><span style=\"color: rgb(34, 34, 34);\">- Khốn nỗi anh mà đánh đòn&nbsp;</span><em style=\"color: rgb(34, 34, 34);\">Vân Nam</em><span style=\"color: rgb(34, 34, 34);\">&nbsp;thì tôi không lấy gì làm chắc lắm. Có được anh Ba Mỹ Ký thì lại trót hẹn mất với đám ở Hàng Kèn rồi. Hay là tối hôm nay, ta hãy đánh&nbsp;</span><em style=\"color: rgb(34, 34, 34);\">siệng</em><span style=\"color: rgb(34, 34, 34);\">, làng xoàng độ năm hào một cho qua buổi để mơn lão ấy đến trưa mai hoặc tối mai, tôi cho gọi Ba Mỹ Ký đi với anh đến thì thật là cứ \"nhét đất thó vào lỗ mũi nó mà lấy tiền...\" !</span></p><p class=\"ql-align-justify\"><span style=\"color: rgb(34, 34, 34);\">- Không được ! Lão ấy nó đang cao hứng, nếu để đến tận trưa mai hoặc tối mai thì từ buổi sáng sớm nó đã có thể dậy để đi cân sâm cho con nó rồi, mình còn hòng bắt nó lấy cái gì nữa?</span></p><p class=\"ql-align-justify\"><span style=\"color: rgb(34, 34, 34);\">- Thế đích xác là nó có độ bao nhiêu?</span></p><p class=\"ql-align-justify\"><span style=\"color: rgb(34, 34, 34);\">- Độ chừng sáu&nbsp;</span><em style=\"color: rgb(34, 34, 34);\">công</em><span style=\"color: rgb(34, 34, 34);\">&nbsp;2&nbsp;tất cả. Cụ phải tỉnh ngay cho chứ mà...</span></p><p class=\"ql-align-justify\"><span style=\"color: rgb(34, 34, 34);\">- Thôi được, cứ về đi rồi độ sáu giờ chiều lại đây lấy nốt người&nbsp;</span><em style=\"color: rgb(34, 34, 34);\">cản</em><span style=\"color: rgb(34, 34, 34);\">. Để tôi có thời giờ, nghĩ thật kĩ xem sao.</span></p><p class=\"ql-align-justify\"><span style=\"color: rgb(34, 34, 34);\">Người trẻ tuổi ấy trước khi quay gót bước xuống thang còn liếc mắt nhìn trộm chủng tôi lần cuối cùng, dáng dấp vẫn lộ vẻ ngượng. Đến bây giờ, ông ấm mới giới thiệu:</span></p><p class=\"ql-align-justify\"><span style=\"color: rgb(34, 34, 34);\">- Đấy, một đàn em của tôi đẩy. Trước làm thầy kí cho hiệu buôn lớn, chữ nghĩa kể cũng khá, sau vì kinh tế nên bị loại, nay phải tạm sinh nhai về nghề này. Vì phải giao thiệp với hạng&nbsp;</span><em style=\"color: rgb(34, 34, 34);\">trếch</em><span style=\"color: rgb(34, 34, 34);\">&nbsp;để săn&nbsp;</span><em style=\"color: rgb(34, 34, 34);\">mòng, két</em><span style=\"color: rgb(34, 34, 34);\">&nbsp;trong đám bồi, bếp nên tôi bắt anh ta ăn mặc đúng lối&nbsp;</span><em style=\"color: rgb(34, 34, 34);\">trếch</em><span style=\"color: rgb(34, 34, 34);\">. Nếu hắn diện Âu phục vào thì các ông phải biết... Nói tiếng Tây nhanh làu làu. Chỉ trông mặt mà bắt hình dong thì nhầm to.</span></p><p class=\"ql-align-justify\"><span style=\"color: rgb(34, 34, 34);\">Anh Vân khen:</span></p><p class=\"ql-align-justify\"><span style=\"color: rgb(34, 34, 34);\">- Phải... gớm mưu trí của ngài kể cũng đáng sợ thật. Mà thế thì ra đàn em của ông toàn là những tay đáo để, ra phết cả, \"chơi được\" cả...</span></p><p class=\"ql-align-justify\"><span style=\"color: rgb(34, 34, 34);\">- Thì đã hẳn !... Vào nghề này mà hiền lành thì làm ăn ra sao? Hai ông nên biết rằng không kể một số khá đông người, nửa là đồng nghiệp, nửa là đàn em của tôi, tôi còn dưới quyền sai phái độ mươi tay nữa, vào hạng nào cũng có, một người ít ra cũng sở trường về một vài ngón bịp và anh nào cũng có đặc sắc riêng. Nhất là về những cách thay hình, đổi dạng của chúng tôi... tôi cam đoan rằng chúng tôi không thua những nhân viên của sở Liêm phóng&nbsp;3. Thí dụ: ông là&nbsp;</span><em style=\"color: rgb(34, 34, 34);\">quých</em><span style=\"color: rgb(34, 34, 34);\">&nbsp;chẳng hạn. Ông là một nhà buôn, ông sẽ gặp một người trông thật là chủ hiệu ngồi hầu bài. Ông là một công tử nhà giàu, tôi sẽ để ông ngồi với một chàng trông thật ra lối con nhà phá của.... và chưa chắc đã không có một vài cô gái mới&nbsp;</span><em style=\"color: rgb(34, 34, 34);\">ngồi cản</em><span style=\"color: rgb(34, 34, 34);\">&nbsp;đâu? Còn nếu ông là một viên chánh tổng, lí trưởng nào, tôi sẽ dắt cho một thầy ngăm ngăm da trâu, trông rõ \"Đình Dù đặc\". Hoặc nếu ông là một chú&nbsp;</span><em style=\"color: rgb(34, 34, 34);\">trếch</em><span style=\"color: rgb(34, 34, 34);\">&nbsp;sộp, tất nhiên phải có một bác tài răng vàng, đội cái&nbsp;</span><em style=\"color: rgb(34, 34, 34);\">cát-két</em><span style=\"color: rgb(34, 34, 34);\">&nbsp;hay một ông còn nguyên búi tóc lại mặc áo cánh cổ cứng ngồi hầu ông chứ... biết làm thế nào?</span></p><p class=\"ql-align-justify\"><span style=\"color: rgb(34, 34, 34);\">Ba chúng tôi vừa bật cười ầm lên, bỗng phải hãm ngay luồng điện khoái lạc ấy lập tức. Lại một hồi gót giày nện rõ mạnh vào thang. Chỉ nghe tiếng động mạnh gớm mạnh ghê như thế, ai cũng phải đoán: người sắp lên ấy sẽ là một người Pháp. Nhưng không phải, chỉ là một người Nhật, vì người đang tiến đến chúng tôi để giơ hai tay ra bắt rất ân cần ấy đã có cả cái thân thể một ông khổng lồ lẫn bộ quần áo Tây phương, lại đèo thêm bộ mặt một dân Nhật Bản. Giá ông ta thay cái mũ&nbsp;</span><em style=\"color: rgb(34, 34, 34);\">cát-két</em><span style=\"color: rgb(34, 34, 34);\">&nbsp;da hổ ấy đi để chụp vào đầu một cái mũ lưỡi trai có cái vòng lon kim tuyến chẳng hạn thì, sẵn có cái áo tơi bằng da màu cánh gián đã ngắn cộc lại thêm đai nịt rõ chặt chẽ ấy, đi nghênh ngang ngoài đường, ông ta có thể bắt nhiều người nhầm mình là một phi hành gia. Nước da còn hồng hào với một ít râu để lối Hoa Kỳ&nbsp;4&nbsp;của ông tỏ ra rằng ông chưa quá 40 tuổi.</span></p><p class=\"ql-align-justify\"><span style=\"color: rgb(34, 34, 34);\">Sau khi chủ, khách đã phân vị đâu đấy cả, ông ấm B... quay lại nói ngay:</span></p><p class=\"ql-align-justify\"><span style=\"color: rgb(34, 34, 34);\">- Xin giới thiệu để hai ông được biết: ông này quý danh là ông Cả Ủn, người giữ cái két lớn nhất cho&nbsp;</span><em style=\"color: rgb(34, 34, 34);\">làng b</em><span style=\"color: rgb(34, 34, 34);\">... chúng ta.</span></p><p class=\"ql-align-justify\"><span style=\"color: rgb(34, 34, 34);\">Ông Ủn cả cười và thêm:</span></p><p class=\"ql-align-justify\"><span style=\"color: rgb(34, 34, 34);\">- Nhưng phải cái két thủng đáy, hai ông ạ.</span></p><p class=\"ql-align-justify\"><span style=\"color: rgb(34, 34, 34);\">Lời giới thiệu sỗ sàng của ông ấm B... đã đánh tan mọi sự giữ gìn của những người mới gặp nhau lần thứ nhất.</span></p><p class=\"ql-align-justify\"><span style=\"color: rgb(34, 34, 34);\">Cho nên mới có những câu hỏi, đáp tự do sau đây:</span></p><p class=\"ql-align-justify\"><span style=\"color: rgb(34, 34, 34);\">- Ngọc đi bao giờ mới về?</span></p><p class=\"ql-align-justify\"><span style=\"color: rgb(34, 34, 34);\">- Chưa biết đích xác được.</span></p><p class=\"ql-align-justify\"><span style=\"color: rgb(34, 34, 34);\">- Cỏ phải chính bác sai hắn đến lấy&nbsp;</span><em style=\"color: rgb(34, 34, 34);\">thiếc</em><span style=\"color: rgb(34, 34, 34);\">&nbsp;đằng tôi không?</span></p><p class=\"ql-align-justify\"><span style=\"color: rgb(34, 34, 34);\">- Phải... nhưng tôi chỉ mới bảo hắn đến lần này là lần đầu.</span></p><p class=\"ql-align-justify\"><span style=\"color: rgb(34, 34, 34);\">- Thế mà hắn đến lần này làlần thứ hai!</span></p><p class=\"ql-align-justify\"><span style=\"color: rgb(34, 34, 34);\">- Lần thứ hai?</span></p><p class=\"ql-align-justify\"><span style=\"color: rgb(34, 34, 34);\">- Phải !... Hay lần trước là hắn bịa chuyện ra chứ không do bác bảo?</span></p><p class=\"ql-align-justify\"><span style=\"color: rgb(34, 34, 34);\">- Thế lấy bao nhiêu?</span></p><p class=\"ql-align-justify\"><span style=\"color: rgb(34, 34, 34);\">- Bốn chục.</span></p><p class=\"ql-align-justify\"><span style=\"color: rgb(34, 34, 34);\">- Trả chưa?</span></p><p class=\"ql-align-justify\"><span style=\"color: rgb(34, 34, 34);\">- Rồi.</span></p><p class=\"ql-align-justify\"><span style=\"color: rgb(34, 34, 34);\">- Thế là hẳn lấy để đi \"ăn mảnh\" đấy chứ không phải do tôi bảo đâu. Thế hôm vừa rồi đưa hắn bao nhiêu, bác thử hỏi xem có đúng sổ tiền mà tôi bảo hắn đến chạy đằng bác không nào...</span></p><p class=\"ql-align-justify\"><span style=\"color: rgb(34, 34, 34);\">- Hình như nhà tôi đưa hắn 50&nbsp;</span><em style=\"color: rgb(34, 34, 34);\">của</em><span style=\"color: rgb(34, 34, 34);\">&nbsp;thì phải. Lần sau trở đi, chính bác nên thân hành lại mà lấy hoặc không tiện đến, bác cho mấy chữ lại vậy... chứ tôi không tin các \"ông tướng\" ấy đâu. Thế có phải đúng bác bảo hắn lấy 50&nbsp;</span><em style=\"color: rgb(34, 34, 34);\">của</em><span style=\"color: rgb(34, 34, 34);\">&nbsp;để đi Nam không?</span></p><p class=\"ql-align-justify\"><span style=\"color: rgb(34, 34, 34);\">- Phải rồi... Được, lần sau có chữ tôi gửi lại, bác hãy đưa tiền. Và dặn cả bác gái như thế hộ tôi một thể.</span></p><p class=\"ql-align-justify\"><span style=\"color: rgb(34, 34, 34);\">--------------------------------</span></p><p class=\"ql-align-right\"><span style=\"color: rgb(34, 34, 34);\">1</span></p><p class=\"ql-align-justify\"><span style=\"color: rgb(34, 34, 34);\">Hậu bổ: chức quan sắp được bổ làm tri huyện. Tri châu: quan cai trị một châu ở miền núi, tương đương một huyện ở miền xuôi.</span></p><p class=\"ql-align-right\"><span style=\"color: rgb(34, 34, 34);\">2</span></p><p class=\"ql-align-justify\"><span style=\"color: rgb(34, 34, 34);\">Tờ bạc năm đồng in hình một con công.</span></p><p class=\"ql-align-right\"><span style=\"color: rgb(34, 34, 34);\">3</span></p><p class=\"ql-align-justify\"><span style=\"color: rgb(34, 34, 34);\">Thường gọi là Sở mật thám.</span></p><p class=\"ql-align-right\"><span style=\"color: rgb(34, 34, 34);\">4</span></p><p class=\"ql-align-justify\"><span style=\"color: rgb(34, 34, 34);\">Tức là hàng ria con kiến.</span></p><p>&nbsp;</p><p>&nbsp;</p>', 0, 5, '', 2965, 0, 2, '2025-09-10 11:48:36', 1, 1);
INSERT INTO `Chapters` (`chapter_id`, `story_id`, `title`, `content`, `is_vip`, `price`, `chap_ads_content`, `word_count`, `view_count`, `chap_number`, `created_at`, `is_final`, `read_count`) VALUES
(19, 21, 'Đêm ấy, tại hàng cơm', '<p>Chương 1: Đêm ấy, tại hàng cơm</p><p>&nbsp;</p><p class=\"ql-align-justify\"><span style=\"color: rgb(34, 34, 34);\">Tôi không cần nói rõ hàng cơm nào, ở phố nào làm gì. Các ngài chỉ cần biết rằng một hàng cơm như nghìn vạn hàng cơm khác, nghĩa là khi ta mới bước chân vào thì bổn phận ta là lập tức thấy buồn nôn buồn ọe. Nó là mùi cá mè, mùi thịt trâu, thịt lợn thiu, mùi lòng lợn, lòng bò, mùi me chua, mùi dưa khú... Thôi thì đủ một trăm nghìn thứ mùi khó chịu mà lạ nhất là nó không hề bận đến hai lỗ mũi của bà chủ luôn luôn nắm trong tay cái quạt nan, cởi trần trùng trục và thỉnh thoảng lại cao hứng vén quần lên đến bẹn mà gãi sồn sột, tự nhiên như đàn ông.</span></p><p class=\"ql-align-justify\"><span style=\"color: rgb(34, 34, 34);\">Lúc ấy đã khuya lắm rồi.</span></p><p class=\"ql-align-justify\"><span style=\"color: rgb(34, 34, 34);\">Một mụ già làm nghề đưa người đưa tôi đến chỗ này mà bảo bà chủ:\" Bà cho anh ấy ngủ đây vài tối, bao giờ anh ấy có việc làm, tôi xin đưa tiền trọ\", thì bà chủ chẳng buồn nhìn tôi nữa, đập một con muỗi ở cổ đến bốp một cái, gãi vung lên một hồi nữa rồi mới chọc chọc cái giá quạt về phía sau lưng, ra ý bảo tôi cứ việc vào trong kia mà nằm. Trước khi ra đi, mụ già lại dặn tôi:</span></p><p class=\"ql-align-justify\"><span style=\"color: rgb(34, 34, 34);\">- Ngày mai nhớ ra ngã ba cho sớm đấy!</span></p><p class=\"ql-align-justify\"><span style=\"color: rgb(34, 34, 34);\">- Vâng ạ!</span></p><p class=\"ql-align-justify\"><span style=\"color: rgb(34, 34, 34);\">Tôi đáp xong, rón rén lần vào phía trong. Thật vậy chân tôi chưa bao giờ phải dẫm lên một lớp bùn quánh và nhớp nháp đến như thế. Đến chỗ mấy cái giường cách nhau mỗi giường một manh cót thì tôi không biết nên đặt lưng vào giường nào, vì giường nào cũng đã thấy đầy những người là người, nằm ngổn nằm ngang...Tôi đương bỡ ngỡ thì thấy bà chủ hàng cơm quát:</span></p><p class=\"ql-align-justify\"><span style=\"color: rgb(34, 34, 34);\">- Thằng Hai đâu! Bảo nó lên sân gác, chỗ những đứa ở ấy mà nằm!</span></p><p class=\"ql-align-justify\"><span style=\"color: rgb(34, 34, 34);\">Rồi thì một anh chàng chạy ra dắt tôi qua một cái sân, đến một cái thang tre mà bảo:</span></p><p class=\"ql-align-justify\"><span style=\"color: rgb(34, 34, 34);\">- Lên đây.</span></p><p class=\"ql-align-justify\"><span style=\"color: rgb(34, 34, 34);\">Tôi theo lời, leo thang. Lên đến nơi thì đó là một gian gác cũng khá rộng. Trên mặt sàn chỉ có mấy cái chiếu, mà tường thì vàng ệch những khói ám, từ cái bếp gần ngay đó đưa ra.</span></p><p class=\"ql-align-justify\"><span style=\"color: rgb(34, 34, 34);\">Bọn cơm thầy cơm cô nằm ngổn ngang như lợn cả, bọn đực nằm phía bên kia, bọn cái nằm phía bên này. Bốn thằng nhỏ bằng trạc tuổi tôi với ba con sen, một con độ lên mười, một con 15, còn một con nữa trông đã đứng tuổi. Trong khi hai đứa trẻ tuổi nằm hớ hênh vô ý thì con đứng tuổi khép nép vào một xó tường, khẽ nâng cái quạt nhìn tôi.</span></p><p class=\"ql-align-justify\"><span style=\"color: rgb(34, 34, 34);\">Tôi bèn lần đến phía tụi con trai, ngồi xuống một góc chiếu. Tôi nom trước nom sau không thấy người của hàng cơm mới mạn phép khêu to ngọn đèn hoa kỳ. Rồi tôi lấy cái ống diêm ra dắt thuốc lào vào cái lỗ thủng, để lên miệng...</span></p><p class=\"ql-align-justify\"><span style=\"color: rgb(34, 34, 34);\">Chợt có đứa nói:</span></p><p class=\"ql-align-justify\"><span style=\"color: rgb(34, 34, 34);\">- Tội gì mà hút thế cho nóng! Với lấy cái điếu cầy ở kia kìa.</span></p><p class=\"ql-align-justify\"><span style=\"color: rgb(34, 34, 34);\">Tôi quay cổ lại nhìn thì thằng vừa nói đã ngồi nhỏm lên chạy ra tìm điếu. Sau điếu thuốc lào tôi cho nó hút che tàn thì chúng tôi đã là quen thuộc nhau hẳn hoi. Nó hỏi tôi:</span></p><p class=\"ql-align-justify\"><span style=\"color: rgb(34, 34, 34);\">- Trông đằng ấy có vẻ thạo lắm. Chắc đã ở tỉnh lâu rồi.</span></p><p class=\"ql-align-justify\"><span style=\"color: rgb(34, 34, 34);\">Tôi ngửa cổ ra sau lưng lấy oai mà nạt rằng:</span></p><p class=\"ql-align-justify\"><span style=\"color: rgb(34, 34, 34);\">- A, cái đó thì đã hẳn!</span></p><p class=\"ql-align-justify\"><span style=\"color: rgb(34, 34, 34);\">Chỉ một câu nói đó khiến nó đủ sợ tôi. Vì rằng từ đó trở đi nó luôn luôn gọi tôi là anh để cho tôi cứ tự nhiên gọi nó là mày.</span></p><p class=\"ql-align-justify\"><span style=\"color: rgb(34, 34, 34);\">- Còn mày thì bỡ ngỡ lắm. Mày mới ở nhà quê ra có phải không?</span></p><p class=\"ql-align-justify\"><span style=\"color: rgb(34, 34, 34);\">- Vâng!</span></p><p class=\"ql-align-justify\"><span style=\"color: rgb(34, 34, 34);\">- Mày đã đi làm lần nào chưa?</span></p><p class=\"ql-align-justify\"><span style=\"color: rgb(34, 34, 34);\">- Đã ngót một tháng ở một nhà phố B...rồi không ở được phải xin ra.</span></p><p class=\"ql-align-justify\"><span style=\"color: rgb(34, 34, 34);\">- Làm sao?</span></p><p class=\"ql-align-justify\"><span style=\"color: rgb(34, 34, 34);\">- Nó chửi suốt ngày.</span></p><p class=\"ql-align-justify\"><span style=\"color: rgb(34, 34, 34);\">- Mày thì chưa đủ tư cách nếm cơm đâu! Đừng đứng núi này trông núi nọ mà ông cho có phen chết rã họng!</span></p><p class=\"ql-align-justify\"><span style=\"color: rgb(34, 34, 34);\">Mãi đến lúc ấy vẫn còn thấy tiếng người làm chạy ra chạy vào rộn rịp cả hàng cơm. Bên ngoài người ta đã kỳ cạch lên cửa, vậy mà bên trong hình như lúc ấy người ta mới bắt đầu xào xáo... Tiếng bát đũa chạm nhau lạch cạch, tiếng nước giội xuống sân ào ào, tiếng mỡ nhảy trong xanh ran cả tai. Có lẽ những gia nhân của hàng cơm không biết phân biệt đêm ngày. Một thằng hát vang lên cho cả bọn nói bông nói đùa nhau khỏi buồn ngủ.</span></p><p class=\"ql-align-justify\"><span style=\"color: rgb(34, 34, 34);\">Tôi lại bảo cái thằng ấy:</span></p><p class=\"ql-align-justify\"><span style=\"color: rgb(34, 34, 34);\">- Cứ việc bịt tai lại, chủ nó chửi thì chủ nó nghe, biết không? Cốt sao giữ lấy việc làm khỏi chết đói là phúc!</span></p><p class=\"ql-align-justify\"><span style=\"color: rgb(34, 34, 34);\">Nó chớp mắt sợ hãi rồi sẽ cãi:</span></p><p class=\"ql-align-justify\"><span style=\"color: rgb(34, 34, 34);\">- Bốn hào một tháng mà cấm bữa nào được ăn no, anh bảo một tháng như thế thì \"nước mẹ\" gì?</span></p><p class=\"ql-align-justify\"><span style=\"color: rgb(34, 34, 34);\">Nhưng mà tôi, tôi cần gì lời cãi của nó. Tôi hãy nói khoác cho nó sợ tôi đã.</span></p><p class=\"ql-align-justify\"><span style=\"color: rgb(34, 34, 34);\">- Bao giờ như anh mày đây này, lúc đó hãy đứng núi này trông núi kia biết chưa?</span></p><p class=\"ql-align-justify\"><span style=\"color: rgb(34, 34, 34);\">Nó họa theo:</span></p><p class=\"ql-align-justify\"><span style=\"color: rgb(34, 34, 34);\">- Phải, như anh thì tất nhiên đã thạo lắm.</span></p><p class=\"ql-align-justify\"><span style=\"color: rgb(34, 34, 34);\">- Chứ lại còn bàn, ra máy chỉ hét một cái là lấy được hai thùng nước. Mà món ăn nào nấu cũng thạo, cả món ăn ta món ăn tây...</span></p><p class=\"ql-align-justify\"><span style=\"color: rgb(34, 34, 34);\">- Thế sao anh cũng mất việc?</span></p><p class=\"ql-align-justify\"><span style=\"color: rgb(34, 34, 34);\">Tôi trừng mắt lườm nó mà rằng:</span></p><p class=\"ql-align-justify\"><span style=\"color: rgb(34, 34, 34);\">- Mất việc à? Hai đồng rưỡi lương tháng rồi, ông đòi thêm năm hào nữa mà không thêm thì ông bỏ đấy!</span></p><p class=\"ql-align-justify\"><span style=\"color: rgb(34, 34, 34);\">Nó lè lưỡi tỏ ý kính phục tôi lắm. Mà ngần ấy điều chỉ cốt để con bé nằm nhìn trộm tôi phải cho tôi là một kiện tướng trong bọn cơm thầy cơm cô. Tôi đã có cơ thành công trong cuộc \"giương vây\", vì từ lúc này trở đi, con bé cứ mải nhìn tôi, ngắm nghía tôi, \"đánh giá\" tôi chứ không ngủ.</span></p><p class=\"ql-align-justify\"><span style=\"color: rgb(34, 34, 34);\">Nói khoác mãi cũng thất sách, tôi bèn hỏi:</span></p><p class=\"ql-align-justify\"><span style=\"color: rgb(34, 34, 34);\">- Thế đằng ấy thích làm cho những nhà thế nào?</span></p><p class=\"ql-align-justify\"><span style=\"color: rgb(34, 34, 34);\">Nó đáp:</span></p><p class=\"ql-align-justify\"><span style=\"color: rgb(34, 34, 34);\">- Khốn nạn, nào tôi có tài giỏi gì mà còn dám nếm cơm ai! Tôi chỉ cầu vào một cửa đãi mình cho vừa phải, đừng bắt mình làm quá sức, đừng đánh mình, chửi mình. Mà cái nhà tôi vừa bỏ thì, khốn nạn, nó năm cha ba mẹ quá, ai cũng đánh chửi được mình! Người này sai chưa làm xong việc này, người khác đã lại ới. Thành ra mình là cái thân ba vạ.</span></p><p class=\"ql-align-justify\"><span style=\"color: rgb(34, 34, 34);\">Nó kêu chưa bao giờ nó thấy một nhà nào lại tồi tệ như thế cả. Thật vậy, đến nó là kẻ phải mang thân đi ở mà nghĩ đến nhà chủ là thấy phải khinh. Nó chỉ là con nhà bố cu mẹ đĩ thôi cũng không đến nỗi khốn nạn bao giờ. Thật vậy, nếu những lời nó nói là thật</span></p><p class=\"ql-align-justify\"><span style=\"color: rgb(34, 34, 34);\">Sau khi nghe chuyện, tôi phải xếp đặt lại một cảnh gia đình không ai tưởng tượng là có được, ở giữa đất văn vật ngàn năm...</span></p><p class=\"ql-align-justify\"><span style=\"color: rgb(34, 34, 34);\">Nhà có sáu người, ông bố với bà mẹ già, người con giai cả đi làm tùy phái cho một công sở, cộng thêm hai cô con gái...</span></p><p class=\"ql-align-justify\"><span style=\"color: rgb(34, 34, 34);\">Sáu người cùng chung máu mủ hoặc là vợ chồng mà mỗi bữa mỗi người đều vào bếp thổi một niêu cơm. Lúc ăn người ta tuy ngồi cùng với nhau, song ai cũng có thức ăn riêng của người ấy. Đại khái ông bố đã có đĩa chả, bà mẹ đĩa đậu rán, con trai với con dâu: một đĩa xào, các con gái: bát dưa, bát canh... Người ta tuy cùng ngồi ăn một mâm chung, nếu ai bị sự cám dỗ mà đưa đũa xâm phạm đến món ăn của người khác thì tức khắc sẽ có cái lườm đến nổ trời.</span></p><p class=\"ql-align-justify\"><span style=\"color: rgb(34, 34, 34);\">Ấy là cái cảnh của nhà ấy bằng vài nét vẽ phác.</span></p><p class=\"ql-align-justify\"><span style=\"color: rgb(34, 34, 34);\">Vậy thì một bữa, khi nàng dâu để phần chồng một đĩa chả rươi, chẳng may ông bố chồng ăn cơm trước đã đụng đũa vào.</span></p><p class=\"ql-align-justify\"><span style=\"color: rgb(34, 34, 34);\">Đi làm về, ông con trai mở lồng bàn thấy món mỹ vị đã bị thất tiết, bèn quát rầm lên:</span></p><p class=\"ql-align-justify\"><span style=\"color: rgb(34, 34, 34);\">- Đứa nào ăn của ông đây? Ông đi làm khó nhọc mà ông chưa ăn, đứa nào dám ăn trước ông, mau mau khai ra!</span></p><p class=\"ql-align-justify\"><span style=\"color: rgb(34, 34, 34);\">Ông bố chạy lại dịu giọng đáp:</span></p><p class=\"ql-align-justify\"><span style=\"color: rgb(34, 34, 34);\">- Thưa cậu, tôi đấy ạ. Tôi tưởng chị ấy có rươi mới thì làm cho tôi nên tôi nhầm, chót nhỡ ăn phải mấy miếng...</span></p><p class=\"ql-align-justify\"><span style=\"color: rgb(34, 34, 34);\">Thế thì các ngài có đoán được là ông con trai nói lại như thế nào không? Muốn để các ngài đoán dễ hơn, tôi xin thưa, thằng nhỏ kia đã nói với tôi: ông bố thuê gác trong, ông con thuê gác ngoài.</span></p><p class=\"ql-align-justify\"><span style=\"color: rgb(34, 34, 34);\">Thôi, các ngài đoán chẳng ra đâu, vì Victor Hugo cũng chưa hề tưởng tượng được ra một kẻ khốn nạn đến như thế.</span></p><p class=\"ql-align-justify\"><span style=\"color: rgb(34, 34, 34);\">Ông con đã nói cho ông bố nghe một câu thâm thúy như thế này:</span></p><p class=\"ql-align-justify\"><span style=\"color: rgb(34, 34, 34);\">- Nhầm,... thằng thuê gác trong, thằng thuê gác ngoài, mà vợ người ta để phần cơm người ta, mà lại nhầm! Nhầm kể cũng lạ!</span></p><p class=\"ql-align-justify\"><span style=\"color: rgb(34, 34, 34);\">Rồi thằng nhỏ khí khái kết luận rằng:</span></p><p class=\"ql-align-justify\"><span style=\"color: rgb(34, 34, 34);\">- Tớ nghĩ đi ở mà được chủ hay cũng đẹp mặt, còn đi ở phải những chủ như thế nhục lắm!</span></p><p class=\"ql-align-justify\"><span style=\"color: rgb(34, 34, 34);\">Tôi gật gù đồng ý với nó rồi lại mất thêm cho nó một điếu thuốc, một que diêm, nhưng lãi ở chỗ được cái cười giòn của con bé nằm ở góc tường. Cái cười kia xui tôi có gan cầm đèn soi vào tận mặt nó.</span></p><p>&nbsp;</p>', 1, 5, '', 1637, 0, 1, '2025-09-10 11:52:21', 0, 1),
(20, 23, 'Đầu và tai', '<p>Chương 1: <span style=\"color: rgb(34, 34, 34);\">&nbsp;Đầu và tai</span></p><p><span style=\"color: rgb(34, 34, 34);\">&nbsp;</span></p><p class=\"ql-align-justify\"><span style=\"color: rgb(34, 34, 34);\">Nhà bà bán hàng nước ấy đã bắt đầu run…</span></p><p class=\"ql-align-justify\"><span style=\"color: rgb(34, 34, 34);\">Trước một cơn thịnh nộ vô nghĩa lý của một kẻ sức lực hơn mình, tôi vội phải đứng ngay lên và lùi mấy bước để giữ thế thủ. Giữ một cách kể cũng hèn, vì cái thế mình đúng là mình không dám để lộ, mình vẫn cứ phải làm như chỉ nhượng bộ, và sợ sệt, và khuất phục nữa, vì sợ cái thế thủ của mình cũng đủ khiêu khích cho bên địch lại càng khởi thế công!</span></p><p class=\"ql-align-justify\"><span style=\"color: rgb(34, 34, 34);\">Những lời doạ nạt vẫn không thôi hắt vào mặt tôi như một cơn mưa nặng hạt:</span></p><p class=\"ql-align-justify\"><span style=\"color: rgb(34, 34, 34);\">- Phải! Một trăm thằng thì đều lấy cớ là đến du lịch cả trăm. Nhưng bọn chúng ta không còn ai lạ gì! Cái đất Thị Cầu này vẫn là chỗ để cho bọn trẻ tuổi nhàn cư đến ăn trộm ái tình hoặc giở giói những thủ đoạn hèn mạt khác, bọn người bản xứ khốn nạn ấy thường cũng có những bộ dạng khả nghi y như anh&nbsp;1.</span></p><p class=\"ql-align-justify\"><span style=\"color: rgb(34, 34, 34);\">Kẻ gây sự như thế với tôi vừa la xong thì hai bàn tay hộ pháp của va đã nắm tròn. Cái mặt va khiến tôi phải nhớ đến một vài vai trò trong phim Big House. Mép, cằm và quai hàm của va tua tủa những sợi râu mới đâm ra vài hôm làm cho va có cái vẻ ngang tàng của Jean Valjean khi mới vượt ngục.</span></p><p class=\"ql-align-justify\"><span style=\"color: rgb(34, 34, 34);\">Chừng như nước mật của va chỉ có đến thế, và chỉ còn cách nhổ xuống đất một cái tỏ ý khinh bỉ và dồn cả sự căm hờn vào đôi mắt đe doạ tôi. Trước mắt tôi là một con hổ đang muốn gầm. Nhưng trước mắt con hổ lại có sự thản nhiên bình tĩnh của tôi – lớp rào sắt ngăn nó vậy. Tôi đợi va căm tức tôi chán chê đi rồi mới đáp:</span></p><p class=\"ql-align-justify\"><span style=\"color: rgb(34, 34, 34);\">- Tôi đây không thuộc hạng người mà các ông chồng ghen tuông phải gặp mặt thì mới xong đâu! Anh đừng vội nhầm.</span></p><p class=\"ql-align-justify\"><span style=\"color: rgb(34, 34, 34);\">Sau cùng, va lầu nhầu:</span></p><p class=\"ql-align-justify\"><span style=\"color: rgb(34, 34, 34);\">- Tôi rất hy vọng thế đó. Và tôi xin báo trước anh rằng, nếu tôi sẽ bắt được quả tang anh làm một chuyện bất lịch sự gì thì mặc lòng là thiệt hại cho tôi hoặc chỉ thiệt hại cho ông bạn đồng ngũ của tôi ở đây, tôi cũng sẵn lòng “hầu hạ” anh ngay!</span></p><p class=\"ql-align-justify\"><span style=\"color: rgb(34, 34, 34);\">Tôi đáp gọn:</span></p><p class=\"ql-align-justify\"><span style=\"color: rgb(34, 34, 34);\">- Xin vâng. Và cảm tạ.</span></p><p class=\"ql-align-justify\"><span style=\"color: rgb(34, 34, 34);\">Thế xong va mới chịu quay đi, lộp cộp in xuống mặt đường lầy bùn dấu giày đầy những vết đanh khuy to tướng.</span></p><p class=\"ql-align-justify\"><span style=\"color: rgb(34, 34, 34);\">Đó là một dân nước nào bên Tây phương? Người Đức hay người Nga? Người Ý hay người Bỉ? Hay một người Ba Lan?</span></p><p class=\"ql-align-justify\"><span style=\"color: rgb(34, 34, 34);\">Tôi không biết và có lẽ cũng không cần biết rõ đến thế. Điều tôi cầm chắc là bác lính lê dương ấy, thấy một người trẻ tuổi lạ mặt ở giang sơn mình mà đã nổi nóng, tất nhiên có phen bị vợ, hạng phụ nữ Việt Nam đi lấy Tây&nbsp;2&nbsp;lừa dối hẳn hoi rồi. Nghĩ kỹ ra người ta cũng có quyền nghi ngờ mình và sinh sự với mình. Lẽ thứ nhất vì người Âu ở Đông Dương có cái thói quen hễ cứ thấy một người bản xứ làm báo thì nghi cho là làm hội kín cũng như thấy một người ăn vận âu phục lại gần nhà mình là chỉ có một nghề đi chim vợ Tây!</span></p><p class=\"ql-align-justify\"><span style=\"color: rgb(34, 34, 34);\">Và lẽ thứ hai là vì ở cái… “Kỹ nghệ lấy Tây” nữa.</span></p><p class=\"ql-align-justify\"><span style=\"color: rgb(34, 34, 34);\">Những cuộc phối hợp của một số đông phụ nữ nước nhà với những người Tây phương liệu có đáng là những cuộc nhân duyên hẳn hoi không? Hay đó chỉ là, chỉ như…, chỉ hao hao giống… chỉ phảng phất… đáng gọi là một thứ “kỹ nghệ”?</span></p><p class=\"ql-align-justify\"><span style=\"color: rgb(34, 34, 34);\">Trước khi nêu lên đây những việc có thể đáp lời cho câu hỏi ấy, tôi hãy xin kể qua mấy cảnh mà, nhờ đó, tôi thấy ra trong cái óc cái câu hỏi kỳ lạ trên kia.</span></p><p class=\"ql-align-justify\"><span style=\"color: rgb(34, 34, 34);\">Trước nhà thờ chính, Hà Nội…</span></p><p class=\"ql-align-justify\"><span style=\"color: rgb(34, 34, 34);\">Buổi sáng, tiếng chuông đương khua động cả kinh thành.</span></p><p class=\"ql-align-justify\"><span style=\"color: rgb(34, 34, 34);\">Bốn chục chiếc xe hơi từ thềm nhà thờ nối nhau một hàng dài vắt ra phố Lagisquet như một con rắn bể kỳ quái nằm vươn mình: một đám cưới Tây. Mặt trời tươi tỉnh rọi ánh sáng để điểm thêm cho những bộ áo của những ngày đại tiệc. Hàng đám người ta đón chào vồn vã nhau, ồ ạt kéo nhau vào nhà thờ. Tại một góc thềm nọ, hai nhà, một gia đình Pháp một trăm phần trăm và một gia đình Pháp – Việt đương tưng bừng trò chuyện với nhau. Cái gia đình Pháp chỉ có hai người: bà vợ trẻ và rất đẹp, còn ông chồng đã già, tóc đã bạc phơ, tinh thần trông oai nghiêm sang trọng như một ông công sứ nào vậy. Còn cái gia đình Pháp – Việt thì có bốn người: ông chồng Pháp, bà vợ Nam, với hai con (tất nhiên là lai) trai và gái. Cặp vợ chồng quý phái người Pháp trăm phần trăm kia đã bắt tay bà “đầm ta” một cách kính cẩn không ngờ. Bà này cứ khanh khách cả cười, tiếng Pháp làu làu, tiếp chuyện đã tự nhiên, mà bệ vệ, mà sang trọng!</span></p><p class=\"ql-align-justify\"><span style=\"color: rgb(34, 34, 34);\">Một cảnh như thế khiến ta có cái cảm tưởng dễ chịu khi thấy một người đàn bà là dân một nước còn “dã man”, lấy chồng người bảo hộ mình hẳn hoi mà cũng không lép vế. Lấy tây như thế hẳn là không phải làm một kỹ nghệ.</span></p><p class=\"ql-align-justify\"><span style=\"color: rgb(34, 34, 34);\">Một cảnh khác nữa…</span></p><p class=\"ql-align-justify\"><span style=\"color: rgb(34, 34, 34);\">Một cái nhà tây nhỏ ở vùng châu thành.</span></p><p class=\"ql-align-justify\"><span style=\"color: rgb(34, 34, 34);\">Ngoài sân.</span></p><p class=\"ql-align-justify\"><span style=\"color: rgb(34, 34, 34);\">Dân quê qua đường thường phải ngạc nhiên mà dừng chậm đà chân mỗi khi thấy một ông Tây chân đi guốc mộc quai cao su lúi húi cầm bồ cào san một luống rau giữa lúc vợ ông ngồi chễm chệ trên ghế mây ở dưới hiên, đan một cái áo len và tặng cho mấy đứa con lai nghịch ngợm những tiếng nói cả Pháp lẫn Nam, thứ thì để chỉ tên súc vật, với thứ nữa, chuyên chỉ để réo đến năm đời, mười đời. Đó tưởng cũng là một bức tranh về hạnh phúc gia đình, mặc lòng có những lời nguyền rủa tục tằn của người đàn bà An-nam. Người chồng vốn là cựu chiến binh, có lẽ đã quen tai với những tiếng súng đại bác ở Verdun, nên cũng không chấp chi ngôn ngữ mọi rợ của một mụ đàn bà mọi rợ.</span></p><p class=\"ql-align-justify\"><span style=\"color: rgb(34, 34, 34);\">Nếu chỉ thấy toàn những cảnh như thế, tôi đã chẳng dám nghĩ đến sự viết một thiên phóng sự với cái nhan đề “Kỹ nghệ lấy Tây”.</span></p><p class=\"ql-align-justify\"><span style=\"color: rgb(34, 34, 34);\">Nhưng, một buổi sáng kia, một me Tây trước vành móng ngựa toà trừng trị đã nói một câu khiến cho công chúng quên khuấy ngay mình đang ở chỗ trang nghiêm, tưởng dè lúc đó đương xem hát bội mà thích chí cười ồ.</span></p><p class=\"ql-align-justify\"><span style=\"color: rgb(34, 34, 34);\">Viên thông ngôn vừa dứt tiếng gọi. Một thị khua rộn gót giày mang cá đỏng đảnh dẫn xác lên. Cử chỉ tuy vô lễ, khả ố, song cái mặt trông lại khả ái.</span></p><p class=\"ql-align-justify\"><span style=\"color: rgb(34, 34, 34);\">- Tên là gì?</span></p><p class=\"ql-align-justify\"><span style=\"color: rgb(34, 34, 34);\">- Nguyễn Thị Ba.</span></p><p class=\"ql-align-justify\"><span style=\"color: rgb(34, 34, 34);\">- Bao nhiêu tuổi?</span></p><p class=\"ql-align-justify\"><span style=\"color: rgb(34, 34, 34);\">- Hăm nhăm.</span></p><p class=\"ql-align-justify\"><span style=\"color: rgb(34, 34, 34);\">- Làm nghề gì?</span></p><p class=\"ql-align-justify\"><span style=\"color: rgb(34, 34, 34);\">- Trước lấy một ông phó đoan, sau lại lấy một ông…</span></p><p class=\"ql-align-justify\"><span style=\"color: rgb(34, 34, 34);\">- Im! Nghề gì chứ ai hỏi chồng!</span></p><p class=\"ql-align-justify\"><span style=\"color: rgb(34, 34, 34);\">- Sau lấy một ông cập-ten.</span></p><p class=\"ql-align-justify\"><span style=\"color: rgb(34, 34, 34);\">Viên thông ngôn cáu kỉnh làm luôn:</span></p><p class=\"ql-align-justify\"><span style=\"color: rgb(34, 34, 34);\">- Không có nghề phải không? Vô nghề nghiệp (quay lên quan toà). Sans profession.</span></p><p class=\"ql-align-justify\"><span style=\"color: rgb(34, 34, 34);\">- Việc gì mà vô nghề nghiệp?</span></p><p class=\"ql-align-justify\"><span style=\"color: rgb(34, 34, 34);\">- Thế làm nghề gì?</span></p><p class=\"ql-align-justify\"><span style=\"color: rgb(34, 34, 34);\">- Làm nghề gì? Làm nghề… làm nghề lấy Tây!</span></p><p class=\"ql-align-justify\"><span style=\"color: rgb(34, 34, 34);\">Công chúng cười ồ. Viên mõ toà đứng lên suỵt suỵt hoài mà ở cuối toà vẫn có tiếng cười khúc khích. Đáp một câu hỏi của quan biện lý, viên thông ngôn bực mình cứ việc:</span></p><p class=\"ql-align-justify\"><span style=\"color: rgb(34, 34, 34);\">- Elle déclare exercer le métier d’épouser les Européens!</span></p><p class=\"ql-align-justify\"><span style=\"color: rgb(34, 34, 34);\">Ông biện lý ngẩn người ra nhìn ông chánh án. Ông chánh án cũng ngẩn người ra nhìn ông biện lý. Rồi hai ông mỉm cười.</span></p><p class=\"ql-align-justify\"><span style=\"color: rgb(34, 34, 34);\">Lời khai nọ cũng đã ngộ nghĩnh, cũng đã táo tợn thay. Nhưng sao thị kia dám sưng sưng như thế? Hay là có nghề lấy Tây thật? Mà sao hai ông quan toà lại chỉ mỉm cười? Chỉ tha thứ, hay là hai Ngài đã hiểu lời khai ấy không sai với sự thực đó chăng?</span></p><p class=\"ql-align-justify\"><span style=\"color: rgb(34, 34, 34);\">Tôi muốn hiểu sự mỉm cười tha thứ của hai ông quan toà.</span></p><p class=\"ql-align-justify\"><span style=\"color: rgb(34, 34, 34);\">Cho nên buổi sáng mưa phùn gió bấc, tôi đã đội vào đầu một cái cát-két, ôm dưới nách một cái cặp nhỏ, đáp chuyến xe hơi thứ nhất đi Thị Cầu.</span></p><p class=\"ql-align-justify\"><span style=\"color: rgb(34, 34, 34);\">Các me đã chia chồng Tây ra làm ba hạng: xi-vin, cô-lô-nhần và lê dương.</span></p><p class=\"ql-align-justify\"><span style=\"color: rgb(34, 34, 34);\">Tôi muốn đến chỗ có thứ hàng hạ giá nhất đã.</span></p><p class=\"ql-align-justify\"><span style=\"color: rgb(34, 34, 34);\">Trước khi thẳng tiến trên con đường vào làng Cổ Mễ nó dắt tôi qua xóm các me, tôi mới kịp ngồi tránh mưa tại một hàng nước có một bà “nguyên vợ Tây” ngồi bán, thì thình lình bác lính nọ đến gây sự với tôi.</span></p><p class=\"ql-align-justify\"><span style=\"color: rgb(34, 34, 34);\">Một anh làm báo trẻ tuổi và yếu ớt, lại lăn lóc ở chỗ có những ông chồng cả ghen người Âu châu thì cũng là một sự nguy hiểm đấy.</span></p><p class=\"ql-align-justify\"><span style=\"color: rgb(34, 34, 34);\">Khốn nỗi, tôi chỉ muốn hiểu nghĩa lý cái mỉm cười của hai ông quan toà.</span></p><p class=\"ql-align-center\"><span style=\"color: rgb(34, 34, 34);\">° ° °</span></p><p class=\"ql-align-justify\"><span style=\"color: rgb(34, 34, 34);\">Bóng người lính lê dương ấy đã khuất sau bức tường của Nhà Ngựa, bà hàng nước mới hết tái mặt hộ người khác (là tôi) và hỏi:</span></p><p class=\"ql-align-justify\"><span style=\"color: rgb(34, 34, 34);\">- Anh chàng cà cái gì thế ông?</span></p><p class=\"ql-align-justify\"><span style=\"color: rgb(34, 34, 34);\">- Có gì đâu: họ ghen tôi đấy. Sao bà lại cười?</span></p><p class=\"ql-align-justify\"><span style=\"color: rgb(34, 34, 34);\">Bà hàng nước vẫn cười, cười mãi, rồi mới nói:</span></p><p class=\"ql-align-justify\"><span style=\"color: rgb(34, 34, 34);\">- Biết mà! Anh chàng ghen là phải. Vừa mới chủ nhật tuần trước, anh chàng bắt được quả tang vợ đi chơi với giai.</span></p><p class=\"ql-align-justify\"><span style=\"color: rgb(34, 34, 34);\">- Thế à!</span></p><p class=\"ql-align-justify\"><span style=\"color: rgb(34, 34, 34);\">Bà hàng tiếp:</span></p><p class=\"ql-align-justify\"><span style=\"color: rgb(34, 34, 34);\">- Hôm ấy chẳng may hắn lại săng-ty-nền nên không làm gì được vợ. Về sau chị vợ chối mà bảo đấy là đi với em họ sang có việc nhà. Phúc làm sao nó chỉ cho mấy cái tát.</span></p><p class=\"ql-align-justify\"><span style=\"color: rgb(34, 34, 34);\">Bị mấy cái tát mà còn nói là có phúc! Độc giả nên cố hiểu đi, chứ người nói thế không hoá dại một tí nào. Nếu mình đi tưởng rằng ấy là câu pha trò thì lại là không tri kỷ với bà ta.</span></p><p class=\"ql-align-justify\"><span style=\"color: rgb(34, 34, 34);\">- Thế ông ở đâu, đến đây làm gì?</span></p><p class=\"ql-align-justify\"><span style=\"color: rgb(34, 34, 34);\">- Nguyên tôi làm nghề nhật trình, đi chơi lang thang, có gì hay thì viết.</span></p><p class=\"ql-align-justify\"><span style=\"color: rgb(34, 34, 34);\">- Thôi chết tôi rồi. Còn trách gì bác lính kia?</span></p><p class=\"ql-align-justify\"><span style=\"color: rgb(34, 34, 34);\">Bà hàng cứ gật gù cười một cách tinh quái làm sao! Bà ta cũng nghi tôi nốt!</span></p><p class=\"ql-align-justify\"><span style=\"color: rgb(34, 34, 34);\">Vội vàng tôi phải nói một cách rất đứng đắn cho bà ta nghe là tôi không có nhân tình nhân ngãi với ai ở đây, và hỏi bà ta những điều cần hỏi. Nhờ cuộc trò chuyện, tôi mới biết đại khái đồn Thị Cầu.</span></p><p class=\"ql-align-justify\"><span style=\"color: rgb(34, 34, 34);\">Trời vẫn rả rích mưa to, nhưng vũ vô kiềm toả… Cho nên bà hàng nước cũng buồn, chẳng còn cách gì khác là kể hết, kể hết cho tôi.</span></p><p class=\"ql-align-justify\"><span style=\"color: rgb(34, 34, 34);\">Tuy chỉ có vài ngọn đồi, một nhà ga với vài trại lính, Thị Cầu cũng đáng gọi là một tỉnh “quốc tế”, cũng như Chùa Thông, Tuyên Quang hay Việt Trì. Bề ngoài thì nó còn có gì tỏ ra cái tính cách quốc tế được! Nhưng ta thử ngẫm về cái tinh thần nó xem! Ba trăm lính lê dương đóng đồn tại đó thì biết bao nhiêu thứ người các nước bên Tây phương? Trong các hàng ngũ người Đức đứng cạnh một người Nga, một người Lỗ đứng cạnh một người Bồ đào, nhưng ai cũng đều bập bẹ nói tiếng Pháp cả. Trong 300 người, mỗi khối óc là một thế giới riêng. Ba trăm cái tiểu sử hoặc lâm ly hoặc bi hùng trộn lẫn nhau tại đó. Muốn tưởng tượng ra được những cuộc đời của họ, ta cần phải đã có xem chiếu những phim: Le grand jeu, Je suis un évadé, Le passager v.v… Người này có lẽ đã chọc một mũi dao nhọn vào cái cổ trắng nõn như ngà của một người đàn bà đã phụ bạc… Kẻ kia có lẽ bắn súng lục vào ngực một người mẹ đã cho bố mình mọc sừng. Một kẻ khác nữa có lẽ đã đâm chết vài thằng phản đảng một đảng quá khích.</span></p><p class=\"ql-align-justify\"><span style=\"color: rgb(34, 34, 34);\">Rồi họ đăng lính, đến đây để tìm sự sống còn, hay tìm cái Quên.</span></p><p class=\"ql-align-justify\"><span style=\"color: rgb(34, 34, 34);\">Dù xưa kia là (…) một kẻ sát nhân xoàng, một người lê dương thì ít ra cũng đã là một ông cọp. Họ thường có những lá gan, quả mật to phi thường. Nếu họ phải lấy một người vợ đất Nam Việt thì đó là hùm thiêng khi đã sa cơ.</span></p><p class=\"ql-align-justify\"><span style=\"color: rgb(34, 34, 34);\">Mà 300 lính ít ra cũng phải chế tạo được 350 me Tây và vì bao giờ cũng phải có một số các me nghỉ việc. Thí dụ cứ cho là 50 me “thất nghiệp” thôi, ta cũng đã có thể đoán trước được những sự cạnh tranh hèn hạ, phỗng tay trên nhau, phá giá nhau. Một người chồng không mỗi lúc đã trở mặt hoá ngay ra được một bạc tình lang, nếu luật cung không quá luật cầu.</span></p><p class=\"ql-align-justify\"><span style=\"color: rgb(34, 34, 34);\">Trước, tôi chỉ muốn hỏi: lấy Tây có thể gọi được là một kỹ nghệ không thì sau khi trò chuyện với bà hàng, tôi thấy rằng kỹ nghệ ấy đã đến hồi suy đốn nữa!</span></p><p class=\"ql-align-justify\"><span style=\"color: rgb(34, 34, 34);\">Vì rằng bà ấy đã nói:</span></p><p class=\"ql-align-justify\"><span style=\"color: rgb(34, 34, 34);\">- Tuần lễ trước có cả mấy cô thiếu nữ Hà thành cũng sang đây để kiếm chồng! Có chồng rồi, vì không biết nên cho được đồng lương cao, thành ra không đủ tiền mua rượu, thuốc lá, đồ hộp cho chúng nó. Thiếu thốn, bị chồng vặc, chưa chi đã sợ, ấy thế là bảo nhau tìm đường chuồn. Thành thử lấy chồng lỗ vốn! Rõ khốn nạn! Tài có, sắc có, chữ nghĩa cũng có mà thế đấy! Bảo via như tôi thì đã đành. Nghe đâu bây giờ có một cô ả trong bọn ấy sang một tiệm nhảy ở Đáp Cầu xin vào làm ca-va-li-e.</span></p><p class=\"ql-align-justify\"><span style=\"color: rgb(34, 34, 34);\">Nào cô Nguyễn Thị Kiêm đâu?</span></p><p class=\"ql-align-justify\"><span style=\"color: rgb(34, 34, 34);\">Đó, một tài liệu cho cô để diễn thuyết về vấn đề chức nghiệp của phụ nữ!</span></p><p class=\"ql-align-justify\"><span style=\"color: rgb(34, 34, 34);\">Tự nhiên bà hàng lại mách:</span></p><p class=\"ql-align-justify\"><span style=\"color: rgb(34, 34, 34);\">- Lại còn điều này mới chua chát: bây giờ vô số anh không chịu lấy vợ, chỉ rượu và quây quần nhau lại một chỗ để bẹp tai.</span></p><p class=\"ql-align-justify\"><span style=\"color: rgb(34, 34, 34);\">Sẵn dịp, tôi liền hỏi:</span></p><p class=\"ql-align-justify\"><span style=\"color: rgb(34, 34, 34);\">- Bà có biết anh nào hiện không vợ và dễ dãi, thích nói chuyện, có thể nhận lời mời của tôi không?</span></p><p class=\"ql-align-justify\"><span style=\"color: rgb(34, 34, 34);\">Bà ta:</span></p><p class=\"ql-align-justify\"><span style=\"color: rgb(34, 34, 34);\">- Có! Tôi quen thì nhiều.</span></p><p class=\"ql-align-justify\"><span style=\"color: rgb(34, 34, 34);\">- Không cần nhiều. Chỉ cần một người, nhưng mà dễ dãi.</span></p><p class=\"ql-align-justify\"><span style=\"color: rgb(34, 34, 34);\">- À, thế thì có lão cai Đi-mi-tốp.</span></p><p class=\"ql-align-justify\"><span style=\"color: rgb(34, 34, 34);\">- Làm cách nào bén chuyện làm quen được?</span></p><p class=\"ql-align-justify\"><span style=\"color: rgb(34, 34, 34);\">- Đến chiều, hết giờ la-gát thì thế nào anh chàng cũng đi qua đây.</span></p><p class=\"ql-align-justify\"><span style=\"color: rgb(34, 34, 34);\">- Thì bà mách cho tôi nhé?</span></p><p class=\"ql-align-justify\"><span style=\"color: rgb(34, 34, 34);\">- Được. Khó gì điều ấy? Lão ta đã lấy nhiều vợ lắm, mà gặp phải những đứa không ra gì cả nên lão bây giờ lử đử lù đù như người chán đời, chỉ thích trò. Ông muốn lão cởi hết ruột gan ra thì cứ việc nói xấu người đàn bà nước ông cho nó nhiều vào! Nhiều vào! Và mời lão đi cát-cút&nbsp;3&nbsp;hay là đi chén rượu ty với phở tái cũng được cả.</span></p><p class=\"ql-align-justify\"><span style=\"color: rgb(34, 34, 34);\">Tôi hẹn giờ quay lại rồi đứng lên cáo từ.</span></p><p class=\"ql-align-justify\"><span style=\"color: rgb(34, 34, 34);\">Bà hàng thế mà là người tốt, mặc lòng tôi thường thấy rợn cả tóc gáy mỗi khi bà ta cười mà để lộ hai hàm răng trắng nhởn ra.</span></p><p class=\"ql-align-justify\"><span style=\"color: rgb(34, 34, 34);\">--------------------------------</span></p>', 1, 5, 'Chương 1 - Đầu và tai', 2625, 0, 1, '2025-09-17 01:19:25', 0, 1);
INSERT INTO `Chapters` (`chapter_id`, `story_id`, `title`, `content`, `is_vip`, `price`, `chap_ads_content`, `word_count`, `view_count`, `chap_number`, `created_at`, `is_final`, `read_count`) VALUES
(21, 24, 'Số đào hoa của Xuân Tóc Đỏ', '<p class=\"ql-align-justify\"><strong style=\"color: rgb(34, 34, 34);\">Lúc ấy vào độ 3 giờ chiều, một ngày thứ năm.</strong></p><p class=\"ql-align-justify\"><span style=\"color: rgb(34, 34, 34);\">Trong khu sân quần mà bên ngoài là những hàng ruối kín mít, chỉ có một sân hữu là được hai người Pháp dùng đến. Hai đứa trẻ nhỏ tuổi uể oải đi nhặt những quả bóng để nén cho hai người Tây. Mồ hôi ướt đầm áo, hai người này cũng chơi uể oải như những nhà thể thao bất đắc dĩ khác.</span></p><p class=\"ql-align-justify\"><span style=\"color: rgb(34, 34, 34);\">- xanh ca!&nbsp;1</span></p><p class=\"ql-align-justify\"><span style=\"color: rgb(34, 34, 34);\">- xanh xít!&nbsp;2</span></p><p class=\"ql-align-justify\"><span style=\"color: rgb(34, 34, 34);\">Những câu hô như vậy chen lẫn những tiếng bồm bộp của những quả ban bị đánh đi, như giữ nhịp cho khúc âm nhạc của mấy vạn con ve sầu.</span></p><p class=\"ql-align-justify\"><span style=\"color: rgb(34, 34, 34);\">Ngoài đường ở vệ hè, một người bán nước chanh, ngồi chồm chỗm trên càng xe, đương nói chuyện với một người bạn đồng nghiệp.</span></p><p class=\"ql-align-justify\"><span style=\"color: rgb(34, 34, 34);\">- Quái, thứ năm gì mà vắng thế!</span></p><p class=\"ql-align-justify\"><span style=\"color: rgb(34, 34, 34);\">- Chốc nữa họ mới lại chứ? Bây giờ mới hơn ba giờ. Từ hôm nay trở đi, họ tập gấp, chắc ngày nào cũng phải luyện chứ chả cứ thứ năm thứ bảy hay chủ nhật...</span></p><p class=\"ql-align-justify\"><span style=\"color: rgb(34, 34, 34);\">- Thế à? Sao biết?</span></p><p class=\"ql-align-justify\"><span style=\"color: rgb(34, 34, 34);\">- Mê đi! Ba bốn tháng nữa, đức vua ra đây, lại còn gì! Chuyến này sẽ có cúp oai ghê... Các anh các chị gọi là tập mửa mật.</span></p><p class=\"ql-align-justify\"><span style=\"color: rgb(34, 34, 34);\">Trên hè, dưới bóng cây gạo, một ông thầy số đã có tuổi ngồi bình tĩnh nhìn cái cháp, nghiên mực, miếng son, ống bút, với mấy lá số tử vi mẫu, thỉnh thoảng lại ngáp một cái như một nhà triết học chân chính. Cách đấy mười bước, Xuân Tóc Đỏ ngồi tri kỷ với một chị hàng mía. Thương mại? Không! Ấy là một cuộc tình duyên, với, hơn nữa - theo lối gọi của những ông làm báo - một cuộc tình duyên của Bình dân (chữ B hoa).</span></p><p class=\"ql-align-justify\"><span style=\"color: rgb(34, 34, 34);\">Là vì Xuân Tóc Đỏ cứ sấn sổ đưa tay toan cướp giật ái tình...</span></p><p class=\"ql-align-justify\"><span style=\"color: rgb(34, 34, 34);\">-... Cứ ỡm ờ mãi!</span></p><p class=\"ql-align-justify\"><span style=\"color: rgb(34, 34, 34);\">- Xin một tị! Xin một tị tỉ tì ti thôi!</span></p><p class=\"ql-align-justify\"><span style=\"color: rgb(34, 34, 34);\">- Khỉ lắm nữa!</span></p><p class=\"ql-align-justify\"><span style=\"color: rgb(34, 34, 34);\">- Lẳng lơ thì cũng chẳng mòn...</span></p><p class=\"ql-align-justify\"><span style=\"color: rgb(34, 34, 34);\">- Thật đấy. Chính chuyên cũng chẳng sơn son để thờ! Nhưng này! Duyên kia ai đợi mà chờ? Tình kia ai tưởng mà tơ tưởng tình? Hàng đã ế bỏ mẹ ra thế này này, mua chẳng mua giúp lại chỉ được cái bộ ếm...</span></p><p class=\"ql-align-justify\"><span style=\"color: rgb(34, 34, 34);\">Xuân Tóc đỏ đứng phăng lên, anh hùng mà nói dỗi:</span></p><p class=\"ql-align-justify\"><span style=\"color: rgb(34, 34, 34);\">- Đây không cần!</span></p><p class=\"ql-align-justify\"><span style=\"color: rgb(34, 34, 34);\">Chị hàng mía lườm dài một cái, cong cớn:</span></p><p class=\"ql-align-justify\"><span style=\"color: rgb(34, 34, 34);\">- Không cần thì cút vào trong ấy có được không?</span></p><p class=\"ql-align-justify\"><span style=\"color: rgb(34, 34, 34);\">Xuân Tóc Đỏ lại cười hí hí như ngựa rồi ngồi xuống...</span></p><p class=\"ql-align-justify\"><span style=\"color: rgb(34, 34, 34);\">- Nói đùa đấy, chứ đây mà lại chả cần đấy thì đấy cần đếch gì đây? Thôi đi, làm bộ vừa vừa chứ... Bán một xu nào.</span></p><p class=\"ql-align-justify\"><span style=\"color: rgb(34, 34, 34);\">- Ừ! Ứ! Đưa tiền ngay ra đây xem!</span></p><p class=\"ql-align-justify\"><span style=\"color: rgb(34, 34, 34);\">Rút ở túi quần sau một cái mù soa, cởi một nút buộc như một cái tai lợn, Xuân Tóc Đỏ đập đồng hào ván xuống thềm gạch xi măng đánh keng một cái rất oanh liệt.</span></p><p class=\"ql-align-justify\"><span style=\"color: rgb(34, 34, 34);\">Trong khi chị hàng mía cầm một tấm để róc vỏ thì Xuân lải nhải tự cổ động cho mình:</span></p><p class=\"ql-align-justify\"><span style=\"color: rgb(34, 34, 34);\">- Năm hào còn hai đấy! Tối hôm qua mất ba hào. Thết bạn cẩn thận... Hai hào vé đi tuần trong Hý viện rồi lại bát phở tái năm. Chơi thế mới chánh chứ? Công tử bột thì cũng chúa đến thế là cùng... Ấy ăn tiêu rộng như thế mới chết! Đây bảo đấy về đây phải lo thì khỏi ăn chơi, thì đấy mãi chả nghe!</span></p><p class=\"ql-align-justify\"><span style=\"color: rgb(34, 34, 34);\">Chị hàng mía làm thinh, Xuân nhồm nhoàm nhai mía, lấy bã ném vào một cái cột đèn. Sau cùng, hắn chùi tay vào quần, đứng lên vươn vai... Chị hàng mía đưa trả hào chín tiền thừa thì hắn khoanh hai tay sau lưng không nhận.</span></p><p class=\"ql-align-justify\"><span style=\"color: rgb(34, 34, 34);\">- Bỏ hộ vào túi quần... Thọc tay vào!</span></p><p class=\"ql-align-justify\"><span style=\"color: rgb(34, 34, 34);\">Bực mình, chị hàng để tiền dưới đất thì hắn cúi xuống nhặt lấy vậy.</span></p><p class=\"ql-align-justify\"><span style=\"color: rgb(34, 34, 34);\">- Chả nưới mẹ gì cả! Than ôi cái cảnh đêm thu tịch mịch càng làm như gợi khách đa sầu!</span></p><p class=\"ql-align-justify\"><span style=\"color: rgb(34, 34, 34);\">Vừa hát mấy câu cải lương Nam Kỳ, hắn vừa đỏng đảnh tiến đến chỗ ông thầy số. Hắn đứng nhìn ông già hồi lâu như một anh dân quê lần đầu đứng trước cái chuồng khỉ của bà Bé Tý, rồi nói lớn:</span></p><p class=\"ql-align-justify\"><span style=\"color: rgb(34, 34, 34);\">- Xem một quẻ đây!</span></p><p class=\"ql-align-justify\"><span style=\"color: rgb(34, 34, 34);\">Ông cụ tỉnh cơn ngủ gật tức khắc, lôi ngay cái bút lông gài ở tai xuống nhanh nhẹn chẳng kém những thầy cảnh sát lúc biên phạt.</span></p><p class=\"ql-align-justify\"><span style=\"color: rgb(34, 34, 34);\">- Hai hào! Hai hào một lá, có bằng lòng thì....</span></p><p class=\"ql-align-justify\"><span style=\"color: rgb(34, 34, 34);\">- Một hào đấy! Bói rẻ còn hơn ngồi không.</span></p><p class=\"ql-align-justify\"><span style=\"color: rgb(34, 34, 34);\">- Ừ, thì đặt tiền đi vậy...</span></p><p class=\"ql-align-justify\"><span style=\"color: rgb(34, 34, 34);\">- Thì đặt! Đây không cần!</span></p><p class=\"ql-align-justify\"><span style=\"color: rgb(34, 34, 34);\">Hắn ngồi xuống chiếu, để lên nắp cháp hào chỉ. Ông thầy lấy giấy bản, loay hoay mài mực, nhổ vài ba bãi nước bọt vào nghiên mực, rồi cầm bút hỏi:</span></p><p class=\"ql-align-justify\"><span style=\"color: rgb(34, 34, 34);\">- Ngày sinh, tháng đẻ, nói ra.</span></p><p class=\"ql-align-justify\"><span style=\"color: rgb(34, 34, 34);\">- Hai mươi nhăm tuổi đấy, bố ạ! Tháng mười, ngày rằm, giờ gà lên chuồng.</span></p><p class=\"ql-align-justify\"><span style=\"color: rgb(34, 34, 34);\">Ông thầy bò nhoài trên chiếc chiếu, trước khi viết lên giấy còn lẩm nhẩm đọc trong mồm và bấm trên ngón tay. Xuân Tóc Đỏ khoanh tay quanh hai đầu gối, để cằm tì lên một cổ tay. Ông thầy vừa viết vừa nói:</span></p><p class=\"ql-align-justify\"><span style=\"color: rgb(34, 34, 34);\">- Tuần triệt đương đầu kiếp không thân mệnh....</span></p><p class=\"ql-align-justify\"><span style=\"color: rgb(34, 34, 34);\">Âm dương tuần triệt tại tiền,</span></p><p class=\"ql-align-justify\"><span style=\"color: rgb(34, 34, 34);\">Cha mẹ ắt hẳn chơi tiên thuở nào.</span></p><p class=\"ql-align-justify\"><span style=\"color: rgb(34, 34, 34);\">Nếu nói đúng giờ thì số này phải bồ côi sớm.</span></p><p class=\"ql-align-justify\"><span style=\"color: rgb(34, 34, 34);\">- Đúng đấy! Đúng!</span></p><p class=\"ql-align-justify\"><span style=\"color: rgb(34, 34, 34);\">- Lúc thiếu thời thì cậu vất vả lắm.</span></p><p class=\"ql-align-justify\"><span style=\"color: rgb(34, 34, 34);\">- Khá!</span></p><p class=\"ql-align-justify\"><span style=\"color: rgb(34, 34, 34);\">- À, mà số này cũng không xấu lắm đâu.</span></p><p class=\"ql-align-justify\"><span style=\"color: rgb(34, 34, 34);\">Khốc hư tý ngọ cư quan</span></p><p class=\"ql-align-justify\"><span style=\"color: rgb(34, 34, 34);\">Tiếng tăm rậy khắp giang sơn một thời.</span></p><p class=\"ql-align-justify\"><span style=\"color: rgb(34, 34, 34);\">Sau này danh phận cũng to cơ đấy!</span></p><p class=\"ql-align-justify\"><span style=\"color: rgb(34, 34, 34);\">- Được! Thế bao giờ?</span></p><p class=\"ql-align-justify\"><span style=\"color: rgb(34, 34, 34);\">- Từ năm nay trở đi đã mở vận đấy.</span></p><p class=\"ql-align-justify\"><span style=\"color: rgb(34, 34, 34);\">- Chưa thấy gì cả.</span></p><p class=\"ql-align-justify\"><span style=\"color: rgb(34, 34, 34);\">- Cuối năm sẽ thấy.</span></p><p class=\"ql-align-justify\"><span style=\"color: rgb(34, 34, 34);\">- Từ đầu năm đến giờ đã phát những gì?</span></p><p class=\"ql-align-justify\"><span style=\"color: rgb(34, 34, 34);\">- Đầu năm đến giờ chỉ phát sao đào hoa thôi...!</span></p><p class=\"ql-align-justify\"><span style=\"color: rgb(34, 34, 34);\">- Thế là thế nào?</span></p><p class=\"ql-align-justify\"><span style=\"color: rgb(34, 34, 34);\">- Nghĩa là những chuyện giai gái thì dễ ăn thua lắm.</span></p><p class=\"ql-align-justify\"><span style=\"color: rgb(34, 34, 34);\">Xuân Tóc Đỏ vỗ tay đôm đốp như những khi nó thấy bọn quần vợt đánh được một miếng hay. Rồi nó nói ngậu sị.</span></p><p class=\"ql-align-justify\"><span style=\"color: rgb(34, 34, 34);\">- Đúng ghê! Đúng ghê! Hôm qua, lúc tan hát, đi qua ngõ Sầm Công thì có ba bốn chị chạy ùa ra, vây chung quanh, kéo tay, níu áo, tình bỏ mẹ ra ấy! Xin chịu thầy.</span></p><p class=\"ql-align-justify\"><span style=\"color: rgb(34, 34, 34);\">Rồi quay lại doạ chị hàng mía:</span></p><p class=\"ql-align-justify\"><span style=\"color: rgb(34, 34, 34);\">- Phải biết!</span></p><p class=\"ql-align-justify\"><span style=\"color: rgb(34, 34, 34);\">Rồi khẽ nói với ông thầy:</span></p><p class=\"ql-align-justify\"><span style=\"color: rgb(34, 34, 34);\">- Ngay như con bé bán mía này thì cũng \"nước nôi\" đến nơi chứ có không đâu! Cụ đoán đáng đồng tiền lắm.</span></p><p class=\"ql-align-justify\"><span style=\"color: rgb(34, 34, 34);\">Lúc ấy có một chiếc xe hơi hòm đầu nhọn, đuôi nhọn, đỗ ngay trước cửa sân quần. Cửa xe mở, một bà trạc ngoại tứ tuần mà y phục còn trai lơ hơn của các thiếu nữ, mặt bự ra những son và phấn, tóc đen lay láy nhưng mà quăn quăn, cả người nặng ít ra cũng bẩy mươi cân, nhưng cái khăn vành giây đúng mốt hết sức thì lại nhỏ xíu và ngắn ngủn có một mẩu, một tay cầm một cái dù thật tý hon và một cái ví da khổng lồ, tay kia ôm một con chó bé trông kỳ dị như một con kỳ lân, bước xuống đất một cách nặng nề vất vả. Rồi đến một chàng thiếu niên cao ngẳng, gầy đét, lộ hầu, hai mắt như ốc nhồi, tóc cũng uốn quăn. Âu phục lối du lịch, chui ở xe ra đưa tay cho một thiếu nữ mặc quần đùi trắng, tóc búi, giầu cao su, tay cắp hai cái vợt, chui ra sau cùng. Cả ba đủng đỉnh vào sân.</span></p><p class=\"ql-align-justify\"><span style=\"color: rgb(34, 34, 34);\">Mải nghe đoán số, Xuân Tóc Đỏ không trông thấy những người ấy. Hắn cứ việc cắt nghĩa mãi cái số đào hoa và hỏi dồn ông thầy:</span></p><p class=\"ql-align-justify\"><span style=\"color: rgb(34, 34, 34);\">- Sau này có giàu không? Hay chỉ có danh giá hão?</span></p><p class=\"ql-align-justify\"><span style=\"color: rgb(34, 34, 34);\">- Giàu thì chả giàu gì nhưng cũng phong lưu.</span></p><p class=\"ql-align-justify\"><span style=\"color: rgb(34, 34, 34);\">Câu đoán ấy khiến Xuân ta nghĩ ngợi, mơ mộng.</span></p><p class=\"ql-align-justify\"><span style=\"color: rgb(34, 34, 34);\">Lúc mới 9 tuổi, nó đã phải đi ở nhờ nhà một người bác họ, họ thúc bá. Bác nó nuôi nó thay đầy tớ và được cả họ khen là nuôi cháy bồ côi. Nhưng một hôm nó bị đánh một trận và bị đuổi đi. Bác gái nó tắm, nó đã khoét một chỗ phên nứa để nhìn! Từ đấy, thằng Xuân lấy đầu hè xó cửa làm nhà, lấy sấu ở các phố, cá hồ Hoàn Kiếm làm cơm. Nó đã bán phá xa, bán nhật trình, làm chạy hiệu rạp hát, bán cao đan hoàn tán trên xe lửa, và vài ba nghề tiểu xảo khác nữa. Ánh nắng mặt trời làm cho tóc nó đỏ như tóc Tây. Cảnh ngộ đó tạo nó nên một đứa hoàn toàn vô giáo dục, tuy nó tinh quái lắm, thạo đời lắm. Nó mới xin được chân nhặt bóng trong sân quần độ trong vòng một năm nay thôi. Nhưng nó đánh quần chóng hay lắm nên được hội viên Pháp và Nam có lòng yêu, được trọng đãi một chút. Mộng tưởng của nó là sẽ có ngày được oai như Chim, Giao&nbsp;3&nbsp;nếu hạnh phúc dắt đến cho nó một ông bầu. Bây giờ thì nó cam tâm yên phận là một thằng nhặt bóng. Tuy nhiên nó cũng mừng đã tìm được nghề ấy, cái nghề tuy hèn nhưng còn có thể hy vọng được chút danh thơm. Bán lạc, trèo sấu, câu cá, làm lính chạy cờ hiệu, những nghiệp ấy chỉ dắt đến một chỗ tắc tị. Phong trào thể thao, phong trào bình dân khiến nó lắm lúc tự kiêu tự đắc lạ lùng.</span></p><p class=\"ql-align-justify\"><span style=\"color: rgb(34, 34, 34);\">- Cụ trông mặt tôi mai sau có phất được không?</span></p><p class=\"ql-align-justify\"><span style=\"color: rgb(34, 34, 34);\">Ông thầy ngắm nghía cái đầu tóc đỏ, cái trán lép, cái quai hàm to, cái nhân trung dài, hai cái tai đầy đặn ấy, rồi gật gù:</span></p><p class=\"ql-align-justify\"><span style=\"color: rgb(34, 34, 34);\">- Khá lắm! Hậu vận khá lắm! Chỉ tiếc cái tóc không được đen.</span></p><p class=\"ql-align-justify\"><span style=\"color: rgb(34, 34, 34);\">- Mẹ kiếp! Chứ xưa nay có mũ bao giờ đâu mà tóc chả đỏ!</span></p><p class=\"ql-align-justify\"><span style=\"color: rgb(34, 34, 34);\">Chợt từ sân quần có một đứa bé chay ra gọi rầm nó lên mà rằng:</span></p><p class=\"ql-align-justify\"><span style=\"color: rgb(34, 34, 34);\">- Kìa anh Xuân! Không vào đi? Tiểu thư đã đến đấy! Không có người, anh không vào đi à?</span></p><p class=\"ql-align-justify\"><span style=\"color: rgb(34, 34, 34);\">Xuân Tóc Đỏ hỏi:</span></p><p class=\"ql-align-justify\"><span style=\"color: rgb(34, 34, 34);\">- Tiểu thư à?</span></p><p class=\"ql-align-justify\"><span style=\"color: rgb(34, 34, 34);\">- Phải! Con Văn Minh có cái thằng chồng ta đặt tên là Cà Kếu ấy mà. Cả con mẹ Phó Đoan cũng đến xem, lại đòi chơi nữa!</span></p><p class=\"ql-align-justify\"><span style=\"color: rgb(34, 34, 34);\">Xuân Tóc Đỏ đứng lên, dặn ông thầy:</span></p><p class=\"ql-align-justify\"><span style=\"color: rgb(34, 34, 34);\">- Cứ viết đi, rồi chiều hay mai tôi lấy, cụ nhé! Nhớ hộ là tiền rồi. Nào! Vào ken cờ ban&nbsp;4&nbsp;với mỹ nhân cho nó hoa đào một thể!</span></p><p class=\"ql-align-justify\"><span style=\"color: rgb(34, 34, 34);\">Đi qua chị hàng mía, thằng Xuân cười tình, nháy một cái.</span></p><p class=\"ql-align-justify\"><span style=\"color: rgb(34, 34, 34);\">- Ơ voa&nbsp;5&nbsp;nhé! Mai nhé!</span></p><p class=\"ql-align-justify\"><span style=\"color: rgb(34, 34, 34);\">Rồi nó chạy vào sân bên tả là chỗ ba người đợi.</span></p><p class=\"ql-align-justify\"><span style=\"color: rgb(34, 34, 34);\">- Lạy cụ lớn ạ! Lạy ông! Lạy bà!</span></p><p class=\"ql-align-justify\"><span style=\"color: rgb(34, 34, 34);\">Cặp vợ chồng Văn Minh khẽ cúi đầu đáp, nhưng bà Phó Đoan nguẩy một cái. Thiếu phụ cười, đưa mắt cho chồng. Người này bảo Xuân:</span></p><p class=\"ql-align-justify\"><span style=\"color: rgb(34, 34, 34);\">- Bà tôi không thích kiểu cách thế.</span></p><p class=\"ql-align-justify\"><span style=\"color: rgb(34, 34, 34);\">Bà Phó Đoan mắng luôn Xuân Tóc Đỏ:</span></p><p class=\"ql-align-justify\"><span style=\"color: rgb(34, 34, 34);\">- Anh ngu lắm! Cụ gì? Tôi chỉ mới đáng tuổi là mẹ anh thôi. Cụ thì ra đẻ được ra mẹ anh nữa kia à? Mà mẹ anh thì...</span></p><p class=\"ql-align-justify\"><span style=\"color: rgb(34, 34, 34);\">- Lạy bà lớn ạ, cháu lỡ lời, bà lớn tha cho.</span></p><p class=\"ql-align-justify\"><span style=\"color: rgb(34, 34, 34);\">Sau khi cái cơn thịnh nộ của một me tây chân chính nguội đi rồi, Xuân cầm cái vợt chạy ra phía sân kia. Bộp bộp, ban bay đi bay lại... Bộ đùi trắng nõn của cô Văn Minh làm cho Xuân đánh lỗi mấy quả đầu, và làm cho cô này có cái ảo tưởng là mình chơi cừ hơn xưa.</span></p><p class=\"ql-align-justify\"><span style=\"color: rgb(34, 34, 34);\">Vẫn còn hầm hầm, bà Phó Đoan lầu nhầu:</span></p><p class=\"ql-align-justify\"><span style=\"color: rgb(34, 34, 34);\">- Cái dân An Nam ngu thật!</span></p><p class=\"ql-align-justify\"><span style=\"color: rgb(34, 34, 34);\">Thiếu niên đáp:</span></p><p class=\"ql-align-justify\"><span style=\"color: rgb(34, 34, 34);\">- Dì chấp cái hạng ấy làm quái gì!</span></p><p class=\"ql-align-justify\"><span style=\"color: rgb(34, 34, 34);\">- Dễ tôi cũng phải tập thể thao mới được, không có chả mấy lúc mà già.</span></p><p class=\"ql-align-justify\"><span style=\"color: rgb(34, 34, 34);\">- Ồ! Nếu thế thì Văn Minh tôi xin ký cả hai tay! Thật không hở dì? Dì thích tập thể thao? Một cuộc đắc thắng của thể thao! Một cuộc tiến bộ của nước Việt Nam! Sự cường thịnh của nòi giống!</span></p><p class=\"ql-align-justify\"><span style=\"color: rgb(34, 34, 34);\">Ông ấy nói thế một cách sốt sắng chẳng kém những người gầy gò ốm yếu không hề tập thể thao bao giờ và chỉ xui giục kẻ khác. Nguyên do ông ấy là một du học sinh quay về tổ quốc mà không có một mảnh văn bằng nào cả.</span></p><p class=\"ql-align-justify\"><span style=\"color: rgb(34, 34, 34);\">Hình như ở bên Pháp, ông là bạn thân của những nhà chính trị đã từng làm thứ trưởng, thượng thư, văn hào, vân vân, những vị có danh tiếng mà báo chí Việt Nam cũng nhắc nhỏm tới. Sở Liêm Phóng Securité đã cắt hai viên thám tử đi dò ông. Sau ba tháng ròng rã hai viên thám tử chỉ thấy những hành tung bí mật của ông là: hút thuốc lá Camel. Về sau ông lấy vợ giàu. Có vợ rồi, ông đặt là Văn Minh. Sở Liên Phóng Securité lại phải một phen lo sợ. Dò mãi mới biết rằng tên của vợ ông là Văn, của ông là Minh thì ông đặt ngay là Văn Minh, tên vợ ở trên tên ông, tên ông đội dưới, cho nó có vẻ nịnh đầm. Thế thôi, chứ ông chẳng phản đối, cũng chẳng cải cách, quốc gia, quốc tế chi chi, cũng không cả.</span></p><p class=\"ql-align-justify\"><span style=\"color: rgb(34, 34, 34);\">Từ độ được nhiều người gọi là Văn Minh, ông ta thấy cần phải chủ trương cuộc Âu hoá thì cái tên mới khỏi vô nghĩa. Một cái linh hồn khoẻ trong một xác thịt khoè! Phát minh được chân lý ấy rồi, đi đâu ông cũng hăng hái cổ động cho thể thao. Vợ ông trước nhất, rồi đến người khác. Ông không thể thao, thể dục cũng không, vì không có thì giờ! Cái chương trình Âu hoá của ông ta làm cho ông ta lúc nào cũng phải trầm tư mặc tưởng.</span></p><p class=\"ql-align-justify\"><span style=\"color: rgb(34, 34, 34);\">Còn lai lịch bà Phó Đoan, thì kể nghe cũng hay hay. Hồi đương xuân, bà bị một người lính Tây hiếp, lúc bà mới ở nhà quê ra tỉnh xem hội Đình Chiến. Sau cuộc hiếp tráp phép đến ngay cuộc hiếp đúng luật, nghĩa là cuộc làm phép cưới. Người lính ấy sau thành một ông Phó Đoan. Ăn ở với nhau độ 10 năm, ông Phó Đoan chết, chết trung thành với nhà nước, chết chung tình với vợ, chết như những người yêu vợ quá sức. Rồi bà lấy một ông phán trẻ được hai năm thì ông chồng nội hoá cũng lăn cổ ra chết. Vì lẽ chưa ai thấy bà có nhân tình, nên những ngọn lưỡi rắn độc phao rằng những ngọn lửa tình do những kẻ chim bà không được đã khêu lên, bà bắt ông phán phải rập tất cả. Bà chính chuyên đến nỗi chồng bà kiệt sức, cạn sức, phải trốn xuống suối vàng.</span></p><p class=\"ql-align-justify\"><span style=\"color: rgb(34, 34, 34);\">Hai thiếu nữ Pháp và một thiếu niên Nam vào sân.</span></p><p class=\"ql-align-justify\"><span style=\"color: rgb(34, 34, 34);\">Xuân Tóc Đỏ nhường vợt cho đám hội viên.</span></p><p class=\"ql-align-justify\"><span style=\"color: rgb(34, 34, 34);\">Một cô đầm đi vào buồng thay quần áo thì Xuân cũng biến mất.</span></p><p class=\"ql-align-justify\"><span style=\"color: rgb(34, 34, 34);\">Sân quần ầm ĩ những tiếng chào hỏi cười nói. Rồi những quả quần bay đi bay lại như đàn dơi bắt muỗi trên không gian...</span></p><p class=\"ql-align-justify\"><span style=\"color: rgb(34, 34, 34);\">Một lát sau, tự nhiên thấy một người Pháp nắm tóc Xuân, lôi nó sềnh sệch ra sân mà tát, mà sỉ vả... Mọi người xúm lại hỏi. Thì ra nó bị bắt quả tang nhìn trộm một cô đầm lúc cô đang thay váy để mặc quần đùi! Hội nhất định đuổi nó, và không trả lương tháng ấy nữa.</span></p><p class=\"ql-align-justify\"><span style=\"color: rgb(34, 34, 34);\">Lúc đó bà Phó Đoan mới nhận ra rằng dân Việt Nam không những ngu mà còn đáng thương. Bà thở dài, ngậm ngùi bảo cháu rể bà:</span></p><p class=\"ql-align-justify\"><span style=\"color: rgb(34, 34, 34);\">- Trẻ trung ai chả có khi dại dột? Tha thứ là phải, chấp làm gì thiếu niên? Rõ khổ, rõ tội nghiệp! Đuổi người ta như thế mà đành lòng!</span></p><p><br></p>', 1, 5, 'Trong khu sân quần mà bên ngoài là những hàng ruối kín mít, chỉ có một sân hữu là được hai người Pháp dùng đến. Hai đứa trẻ nhỏ tuổi uể oải đi nhặt những quả bóng để nén cho hai người Tây. Mồ hôi ướt đầm áo, hai người này cũng chơi uể oải như những nhà thể thao bất đắc dĩ khác.', 2669, 0, 1, '2025-09-17 01:29:14', 0, 1),
(22, 24, 'Quan phù và thái tuế', '<p class=\"ql-align-justify\"><span style=\"color: rgb(34, 34, 34);\">Sau khi đi qua một cái sân vắng ngắt, người lính cảnh sát dẫn Xuân Tóc Đỏ và ông lão thầy số đến một cái buồng nhỏ vặn một vòng khóa, rồi mỉa mai ngọt ngào bảo:</span></p><p class=\"ql-align-justify\"><span style=\"color: rgb(34, 34, 34);\">- Mời hai ngài vào !</span></p><p class=\"ql-align-justify\"><span style=\"color: rgb(34, 34, 34);\">Trong phòng giam lúc ấy có một lão ăn mày và vợ con hắn, một thằng ma cà bông và một người đàn bà bán hàng rong có một gánh bún chả ế. Người này ngồi dựa tường, hai tay bó gối, giữa hai thúng quà, vẻ mặt đa tư lự, trong khi thằng ma cà bông nằm dài dưới gạch ngáy như kéo gỗ, và ba người của cái gia đình hành khất thì bắt rận cho nhau một cách nên thơ. Cánh cửa bị đẩy đánh sập một cái, tiếng ổ khóa bị xoay lách tách, tiếng giầy viên đội sếp mỗi lúc một xa... Một ngọn đèn đỏ vì yếu, chiếu một thứ sáng tối tăm cho gian phòng.</span></p><p class=\"ql-align-justify\"><span style=\"color: rgb(34, 34, 34);\">Lão thầy số để cháp, chiếu, ô xuống đất rồi ngồi lên cháp để thở hổn hển.</span></p><p class=\"ql-align-justify\"><span style=\"color: rgb(34, 34, 34);\">Xuân Tóc Đỏ thì còn đứng lại, hai tay gãi sườn nhìn mọi người một cách trịnh thượng, nhìn phòng giam một cách thản nhiên. Nó bĩu mồm nói:</span></p><p class=\"ql-align-justify\"><span style=\"color: rgb(34, 34, 34);\">- Nước mẹ gì ! Bóp với chả bóp ! Phòng giam thì bằng cái lỗ mũi ! Rõ chả biết xấu !</span></p><p class=\"ql-align-justify\"><span style=\"color: rgb(34, 34, 34);\">Lão thầy số giương to hai con mắt:</span></p><p class=\"ql-align-justify\"><span style=\"color: rgb(34, 34, 34);\">- Có xấu cái đếch ông đây này !</span></p><p class=\"ql-align-justify\"><span style=\"color: rgb(34, 34, 34);\">Xuân Tóc Đỏ phân vua ngay với mọi người:</span></p><p class=\"ql-align-justify\"><span style=\"color: rgb(34, 34, 34);\">- Ê ! ê ! Rõ thối chửa ! Người ta bảo mình đâu nào ! Người ta bảo nhà nước chứ !</span></p><p class=\"ql-align-justify\"><span style=\"color: rgb(34, 34, 34);\">Nó nói vậy là có ý khinh bỉ cái nhà giam. Ty cảnh sát này là một ty sép thuộc bộ thứ 18 của thành phố mà nhà nước mới đặt thêm ra ít lâu nay thôi. Tất cả nhân viên trong sở cẩm chỉ có bẩy người: một ông Cẩm Tây, một ông thông ngôn ta, một ông quản cảnh sát, và bốn người lính. Khu vực mà sở cẩm có nhiệm vụ trông coi gồm có 16 phố, toàn là phố Tây, có phố dài hàng năm cây số, phố nào cũng có vẻ thái bình. Thành thử mỗi khi bắt phạt được một đám thì nhân viên sở cẩm sướng như trúng số độc đắc. Bốn thầy lính cảnh sát phải thay tua nhau đạp xe khắp cả 16 phố như thế mới trong trong nửa năm đã trở nên bốn cua rơ đại tài. Có thầy đã giật giải Hà Nội - Hải Phòng, có thầy được giải ba giải tư trong những cuộc đua Hà Nội - Sơn Tây, Hà Nội - Bắc Ninh, vòng quanh Hà Nội v.v... Trong 16 phố ấy chẳng may có khi xảy ra một sự gì phạm vào trật tự thì phần nhiều lại không thấy bóng vía các thầy cảnh sát đâu cả ! Hàng rong, bồi, bếp, phu xe, ăn mày, những người ấy chỉ sau khi thầy cảnh sát đã cắm đầu đạp xe khỏi phố thì mới đái đường, thì mới đánh nhau, chửi nhau... Vì lẽ tất cả có bốn thầy lính thôi, nên lúc nào ở sở cẩm cũng phải có hai thầy, chỉ còn lại hai thầy đi tuần ngoài đường. Mười sáu phố cho hai người, việc tuần phòng thành ra gần như là việc tập đua xe đạp!</span></p><p class=\"ql-align-justify\"><span style=\"color: rgb(34, 34, 34);\">Năm ấy vì kinh tế khủng hoảng, ngân sách hao hụi, Đông Dương đại hội kinh tế và tài chính chuẩn y bản dự luật buộc sở cảnh sát phạt dân thành phố 4 vạn đồng. Sở cảnh sát trung ương chi cho Ty cảnh sát chi nhánh này phải phạt dân là 5 nghìn, nghĩa là một phần tám số tiền tổng cộng vậy.</span></p><p class=\"ql-align-justify\"><span style=\"color: rgb(34, 34, 34);\">Ông Cẩm đã vò bù cả đầu, đã rứt soăn cả râu. An Nam năm nay bị cẩm phạt phần nhiều chỉ một ít bồi, bếp, phu xe, hàng rong, còn thì toàn người Pháp cả, làm thế nào phạt cho đủ 5 nghìn bạc ? Ông Cẩm, sau cùng, gọi nhân viên trong sở họp một phiên bí mật. Sau cuộc hội họp, ai nấy rất kính phục cái phương kế nhiệm mầu. Người bắt đầu cho gia đình dọn cả về khu 16 phố ấy. Thế rồi thì... trước nhất, chính ông Cẩm Tây bị phạt về tội để chó sổng ra đường, hay là vì bà Cẩm quên bảo bồi quét nhà cho đúng phép vệ sinh. Lần lượt đến người nhà ông Thông ngôn, ông quản, bốn thầy lính, người loong toong, người phu lục lộ trông coi cái vườn hoa của sở cẩm. Nào là tội đái đường, tội cãi nhau, tội đi xe đạp không đèn, tội để nhà cửa mất vệ sinh, vân vân... Thành thử nhân viên sở cẩm cứ phạt lẫn nhau văng tê đi thôi, phạt nhau như hình có thâm thù với nhau vậy.</span></p><p class=\"ql-align-justify\"><span style=\"color: rgb(34, 34, 34);\">Bữa ấy, ông Cẩm Tây đang ngồi đánh máy chữ về một tờ biên bản quan trọng thì có một người lính cảnh sát hấp tấp chạy vào báo một vụ trộm ở nhà một người Tây. Vụ trộm xẩy ra từ đêm trước, xong đến lúc ấy sự chủ mới biết. Ông Cẩm Tây chán nản nói bằng tiếng Pháp rằng:</span></p><p class=\"ql-align-justify\"><span style=\"color: rgb(34, 34, 34);\">- Trộm thì lại phải giao ra toà, còn phạt gì nữa ?</span></p><p class=\"ql-align-justify\"><span style=\"color: rgb(34, 34, 34);\">Rồi ông quay vào bảo viên quản thay quyền ông trong lúc ông ra đi với người thông ngôn...</span></p><p class=\"ql-align-justify\"><span style=\"color: rgb(34, 34, 34);\">Ngồi lại một mình ở phòng giấy, viên quản ngáp như một nhà buôn gặp hồi kinh tế khủng hoảng. Một người đi qua, ông gọi lại chán nản mà rằng:</span></p><p class=\"ql-align-justify\"><span style=\"color: rgb(34, 34, 34);\">- Này, thầy min đơ&nbsp;1&nbsp;thầy có buồn không !</span></p><p class=\"ql-align-justify\"><span style=\"color: rgb(34, 34, 34);\">Thầy này gật gù như một nhà nho say rượu chán đời:</span></p><p class=\"ql-align-justify\"><span style=\"color: rgb(34, 34, 34);\">- Buồn lắm ạ ! Buồn lắm, chỉ muốn chết quách !</span></p><p class=\"ql-align-justify\"><span style=\"color: rgb(34, 34, 34);\">Ông quản than thở một cách rền rĩ:</span></p><p class=\"ql-align-justify\"><span style=\"color: rgb(34, 34, 34);\">- Chúng ta bị phạt nhiều quá.</span></p><p class=\"ql-align-justify\"><span style=\"color: rgb(34, 34, 34);\">Thầy min đơ nhắc lại, âu sầu:</span></p><p class=\"ql-align-justify\"><span style=\"color: rgb(34, 34, 34);\">- Thật vậy, chúng ta bị nhiều quá.</span></p><p class=\"ql-align-justify\"><span style=\"color: rgb(34, 34, 34);\">- Cái sổ dự toán của công quỹ cần tiền...</span></p><p class=\"ql-align-justify\"><span style=\"color: rgb(34, 34, 34);\">- Mà mười sáu phố của ta cần nhiều dân An Nam ta.</span></p><p class=\"ql-align-justify\"><span style=\"color: rgb(34, 34, 34);\">- Thầy có tiếc cái thời buổi ngày xưa, cách đây mười năm không?</span></p><p class=\"ql-align-justify\"><span style=\"color: rgb(34, 34, 34);\">- Tiếc lắm ! Mười năm trước đây, dân ta còn ngu.</span></p><p class=\"ql-align-justify\"><span style=\"color: rgb(34, 34, 34);\">- Ngày nay dân ta văn minh mất rồi, rõ thảm hại ! Thầy phải biết là xưa kia, xã hội tinh những du côn và nặc nô, tinh những người bất lịch sự, chỗ nào cũng phóng uế, cũng đánh nhau. Hồi ấy có khi bốn người ngồi cùng một xe ! Họ chửi nhau hàng nửa giờ, đánh nhau vỡ đầu, nhà cửa của họ thì rác rưởi, nước cống, nước rãnh tung toé, ngập lụt... Chó của họ cũng chạy ra ngoài đường nhông nhông... Xe đi đèo, hay không đèn là nhan nhản. Bây giờ mọi sự đã thay đổi cả. Cái thời tốt đẹp của các cụ nhà ta không còn nữa ! Thật là tai hại ! Than ôi !</span></p><p class=\"ql-align-justify\"><span style=\"color: rgb(34, 34, 34);\">- Cụ tính ! Bây giờ đến cả thằng phu xe cũng biết luật ! Chả bao giờ chúng quên đèn ! Chả mấy khi chúng đứng giữa đường nghênh ngang ! Chả còn mấy người réo năm đời mười đời nhau ra như ngày xưa nữa ! Bao nhiêu nền nếp của xã hội này thế là hết nhẵn nhụi ! Ngay cả đến trẻ con chúng nó cũng không bậy bạ như xưa ! Đứa nào cũng quần áo bảnh bao đứng đắn lắm, văn minh lắm, trèo me trèo sấu, đá bóng giữa đường, những cái ấy là thôi cả.</span></p><p class=\"ql-align-justify\"><span style=\"color: rgb(34, 34, 34);\">- Sinh ra ngay cái báo chí, thật là nhảm quá.</span></p><p class=\"ql-align-justify\"><span style=\"color: rgb(34, 34, 34);\">- Chính vậy. Dân chúng chỉ vì báo chí mà đâm ra văn minh, không còn cẩm phạt nhiều như trước nữa.</span></p><p class=\"ql-align-justify\"><span style=\"color: rgb(34, 34, 34);\">- Té ra chúng ta, chúng ta lại thành ra cẩm phạt !</span></p><p class=\"ql-align-justify\"><span style=\"color: rgb(34, 34, 34);\">- Ô ! ô ! Thế thì thật là một sự trái ngược không thể tha thứ được ! Chúng ta là... chúng ta là lính cảnh sát !</span></p><p class=\"ql-align-justify\"><span style=\"color: rgb(34, 34, 34);\">- Tôi, tôi là một nhân viên quản nữa kia thưa thầy ! Sapristi&nbsp;2! Thật thế, nếu thỉnh thoảng ta không dự vào một cuộc đua xe đạp thì có thể nói là cuộc đời như thế này là từ từ hạ màn mất rồi !</span></p><p class=\"ql-align-justify\"><span style=\"color: rgb(34, 34, 34);\">- Mà báo chí thỉnh thoảng không đăng tên, đăng ảnh chúng ta lên trang nhất thì thật là không thể nào tha thứ được cho báo chí !</span></p><p class=\"ql-align-justify\"><span style=\"color: rgb(34, 34, 34);\">- Thế nào ? Chủ nhật sau, thầy có dự cuộc đua Hà Nội - Hà Đông không?</span></p><p class=\"ql-align-justify\"><span style=\"color: rgb(34, 34, 34);\">- Có chớ ! Cụ tính mỗi ngày bốn lượt đạp 16 phố mà cấm gặp sự gì đáng biên phạt để mà nghỉ chân, như thế quá tập trên vòng đua rồi còn gì ! Chả dự cuộc cũng uổng !... Nhưng mà, cụ quản ạ, nếu dân ta tiến bộ đó không phải là một lẽ để chúng ta cứ nhè người nhà của nhau mà biên phạt lẫn nhau !... Cái khoản 5 nghìn đồng trong sổ dự toán là vô nghĩa lý... tôi... tôi phản đối !</span></p><p class=\"ql-align-justify\"><span style=\"color: rgb(34, 34, 34);\">Viên quản sợ hãi đứng lên, xua tay:</span></p><p class=\"ql-align-justify\"><span style=\"color: rgb(34, 34, 34);\">- Chết ! chết ! Khéo không mà thầy lại bất tuân thượng lệnh bây giờ ! Thầy thử hỏi ngay bà đầm vợ ông Cẩm xem ! Bà vui vẻ kêu tháng trước bị ngót hai chục bạc, không phàn nàn gì cả.</span></p><p class=\"ql-align-justify\"><span style=\"color: rgb(34, 34, 34);\">Thầy lính vẫn hậm hực:</span></p><p class=\"ql-align-justify\"><span style=\"color: rgb(34, 34, 34);\">- Thôi, thế thì tôi chỉ còn cách li dị vợ tôi mà thôi !</span></p><p class=\"ql-align-justify\"><span style=\"color: rgb(34, 34, 34);\">- Chết nỗi ! Tại sao thế ?</span></p><p class=\"ql-align-justify\"><span style=\"color: rgb(34, 34, 34);\">- Tôi đã dặn nó thỉnh thoảng phải bảo trẻ nhỏ ra ném sấu ngoài phố, không thì để nhà cửa cho rõ bẩn thỉu, cống rãnh cho nó ngập lụt, cho thầy mintoa&nbsp;3&nbsp;thỉnh thoảng biên phạt, thì tôi mới có dịp phạt lại vợ thầy ấy, thế mà nó cứ để con tôi ngoan như bụt, nhà cửa sạch như lau, như chùi ! Con khốn nạn, con ác phụ !</span></p><p class=\"ql-align-justify\"><span style=\"color: rgb(34, 34, 34);\">Trước một cảnh ngộ khó xử, viên quản không dám phê bình nữa. Muốn lảng chuyện, ông ta bảo người lính xuống nhà giam tạm, lôi bọn người bị bắt lên lấy cung.</span></p><p class=\"ql-align-justify\"><span style=\"color: rgb(34, 34, 34);\">Thầy minđơ mở cửa phòng giam giữa lúc Xuân Tóc Đỏ khẩu chiến với ông thầy số.</span></p><p class=\"ql-align-justify\"><span style=\"color: rgb(34, 34, 34);\">- Ừ ! Gai ngạnh lắm thì chết ! Cho mà bị bắt ! Tôi chả cần, vì số tôi tháng này Quan Phù Thái Tuế long đong, tháng ngày chờ đợi cửa công mỏi mòn ! Bị bắt thế này là nhẹ, rồi cũng qua mà thôi !</span></p><p class=\"ql-align-justify\"><span style=\"color: rgb(34, 34, 34);\">- Đây không cần ! Không phải nói phét, chứ từ thuở trời đất sinh ra làm người, đây bị bắt về bóp ít ra cũng đã là bận thứ mười lăm.</span></p><p class=\"ql-align-justify\"><span style=\"color: rgb(34, 34, 34);\">- Đánh người già cả là hành hung, rồi thì tù !</span></p><p class=\"ql-align-justify\"><span style=\"color: rgb(34, 34, 34);\">Không nghe, Xuân Tóc Đỏ cứ nói liến thoắng:</span></p><p class=\"ql-align-justify\"><span style=\"color: rgb(34, 34, 34);\">- Mà trước kia bị bắt về bóp chính cơ ! Một sở cẩm to, oai, trông rợn tóc gáy, có bảy tám ông Cẩm ria mép to tướng, ngực đặc mền đay, ông nào cũng đeo súng lục ! Lại có hàng trăm đội xếp dùi khui sơn trắng, cầm những xích to tướng, mà dề bó&nbsp;4&nbsp;thì cửa gióng sắt như chuồng hổ, tinh những muỗi với rệp, giam được hàng vài trăm người ! Chứ bị bắt vào cái bóp nhỏ này, phòng giam như cái lỗ mũi giam được có vài người thế này thì... nước mẹ gì !</span></p><p class=\"ql-align-justify\"><span style=\"color: rgb(34, 34, 34);\">Người lính quát:</span></p><p class=\"ql-align-justify\"><span style=\"color: rgb(34, 34, 34);\">- Ra cả ! Ra cả ! Ra lấy cung mau ! Im mồm, cãi nhau mãi gì !</span></p><p class=\"ql-align-justify\"><span style=\"color: rgb(34, 34, 34);\">Trừ thằng ma cà bông vẫn nằm ngáy o o như sấm, cả bọn đứng lên cả. Người lính phải lấy chân lay nó thì nó nói lảm nhảm:</span></p><p class=\"ql-align-justify\"><span style=\"color: rgb(34, 34, 34);\">- Im để người ta ngủ nào !</span></p><p class=\"ql-align-justify\"><span style=\"color: rgb(34, 34, 34);\">- Có dậy không ? Ông lại xách cổ lên bây giờ !</span></p><p class=\"ql-align-justify\"><span style=\"color: rgb(34, 34, 34);\">Thằng ma cà bông ngồi lên ngơ ngác:</span></p><p class=\"ql-align-justify\"><span style=\"color: rgb(34, 34, 34);\">- Dạ ?</span></p><p class=\"ql-align-justify\"><span style=\"color: rgb(34, 34, 34);\">- Đi ra !</span></p><p class=\"ql-align-justify\"><span style=\"color: rgb(34, 34, 34);\">Nó đứng lên lầu nhầu:</span></p><p class=\"ql-align-justify\"><span style=\"color: rgb(34, 34, 34);\">- Đương ngủ ngoài đường thì bắt vào bóp, đương ngủ ở bóp thì gọi dậy bảo đi ra ! Rõ lắm chuyện.</span></p><p class=\"ql-align-justify\"><span style=\"color: rgb(34, 34, 34);\">Bọn người ấy ra khỏi phòng giam, qua sân bước bào phòng giấy. Viên quản thấy Xuân Tóc Đỏ ăn mặc hơn cả (cái quần Tây, đôi giầy cao su, cái áo lót cụt tay) thì hỏi nó trước tiên:</span></p><p class=\"ql-align-justify\"><span style=\"color: rgb(34, 34, 34);\">- Anh này ! Tội gì ?</span></p><p class=\"ql-align-justify\"><span style=\"color: rgb(34, 34, 34);\">Ông thầy số nó ngay:</span></p><p class=\"ql-align-justify\"><span style=\"color: rgb(34, 34, 34);\">- Bẩm quan lớn, nó đánh con.</span></p><p class=\"ql-align-justify\"><span style=\"color: rgb(34, 34, 34);\">Xuân Tóc Đỏ cãi:</span></p><p class=\"ql-align-justify\"><span style=\"color: rgb(34, 34, 34);\">- Không phải đánh, tôi chỉ định bóp cổ lão !</span></p><p class=\"ql-align-justify\"><span style=\"color: rgb(34, 34, 34);\">- Nó thụi con hai cái đau quá rồi mới bóp cổ...</span></p><p class=\"ql-align-justify\"><span style=\"color: rgb(34, 34, 34);\">- Con chưa thụi, mà cũng chưa kịp bóp cổ thì lão đã kêu nhặng lên !</span></p><p class=\"ql-align-justify\"><span style=\"color: rgb(34, 34, 34);\">Viên quản đập bàn:</span></p><p class=\"ql-align-justify\"><span style=\"color: rgb(34, 34, 34);\">- Im ! Im ngay ! Để bản chức hỏi đã. Ai phải, ai trái ? Đầu đuôi ra sao? Anh này, đánh người vì lẽ gì ? Khai ra ?</span></p><p class=\"ql-align-justify\"><span style=\"color: rgb(34, 34, 34);\">- Bẩm lão ăn không ăn hỏng, đánh lừa của con một hào. Lão đoán số sai cả, đòi tiền lại không trả ! Con muốn đè lão để lấy lại chứ không có ý đánh.</span></p><p class=\"ql-align-justify\"><span style=\"color: rgb(34, 34, 34);\">- Có xem số không ? Có nhận một hào không ?</span></p><p class=\"ql-align-justify\"><span style=\"color: rgb(34, 34, 34);\">- Bẩm quan lớn, lá số con đã lấy rẻ có một hào, đoán câu nào cũng trúng cả mà nó còn muốn đòi tiền lại.</span></p><p class=\"ql-align-justify\"><span style=\"color: rgb(34, 34, 34);\">- Sai bét cả, bẩm quan lớn ! Lão kêu tương lai con khá lắm, thế mà vừa đóan xong thì con mất việc.</span></p><p class=\"ql-align-justify\"><span style=\"color: rgb(34, 34, 34);\">Viên quản lừ mắt nhìn ông thầy số:</span></p><p class=\"ql-align-justify\"><span style=\"color: rgb(34, 34, 34);\">- Đoán thế mà đòi lấy tiền !</span></p><p class=\"ql-align-justify\"><span style=\"color: rgb(34, 34, 34);\">- Bẩm tương lai là mai sau, chứ có phải ngay lúc ấy đâu ? Con nghiên cứu mười năm lý số, đoán như Thánh như Thần, có khi nào sai ! Mà con được xem hầu quan lớn bữa nào đâu mà quan lớn đã quở con đoán sai !</span></p><p class=\"ql-align-justify\"><span style=\"color: rgb(34, 34, 34);\">Viên quản lừ mắt nhìn Xuân Tóc Đỏ:</span></p><p class=\"ql-align-justify\"><span style=\"color: rgb(34, 34, 34);\">- Người ta nói phải đấy chứ ?</span></p><p class=\"ql-align-justify\"><span style=\"color: rgb(34, 34, 34);\">Thầy số nói luôn:</span></p><p class=\"ql-align-justify\"><span style=\"color: rgb(34, 34, 34);\">- Như tướng quan lớn đủ biết ! Cung quan lộc tốt, hét ra lửa, mi trường quá mục, nhiều anh em, lại có thuỳ châu, hậu vận sẽ giầu lớn !</span></p><p class=\"ql-align-justify\"><span style=\"color: rgb(34, 34, 34);\">Viên quản lườm Xuân Tóc Đỏ lần nữa:</span></p><p class=\"ql-align-justify\"><span style=\"color: rgb(34, 34, 34);\">- Người ta đoán hay đấy chứ ? A lê ! Phạt anh ! Anh can tội đánh người, mà lại người già cả ! Phạt một đồng tám ! Tha ngay cho ông thầy số này ra ! Còn người kia đưa thẻ xem.</span></p><p class=\"ql-align-justify\"><span style=\"color: rgb(34, 34, 34);\">Ngoài đường có tiếng xe hơi đỗ. Bà Phó Đoan bước vào, tủm tỉm chào hai người thay mặt nhà nước. Cả hai người này vồn vã như nhà buôn tiếp khách sộp. Là vì bà Phó Đoan hay để chó sổng ra ngoài đường nhiêu hay bị phạt, kể trong cả 16 phố. Thành thử sở cẩm nhớ ơn bà chẳng kém một hiệu buôn ế ẩm với một bà khách quen. Viên quản hỏi:</span></p><p class=\"ql-align-justify\"><span style=\"color: rgb(34, 34, 34);\">- Bà muốn gì, chúng tôi sẵn lòng...</span></p><p class=\"ql-align-justify\"><span style=\"color: rgb(34, 34, 34);\">- À, tôi đến nộp phạt cho một người nhà. Nó đây rồi, xin cụ tha cho.</span></p><p class=\"ql-align-justify\"><span style=\"color: rgb(34, 34, 34);\">Viên quản xoa tay. Thầy lính minđơ nói:</span></p><p class=\"ql-align-justify\"><span style=\"color: rgb(34, 34, 34);\">- Vâng, bà nộp tiền ngay cho.</span></p><p class=\"ql-align-justify\"><span style=\"color: rgb(34, 34, 34);\">- Bao nhiêu thế ạ ?</span></p><p class=\"ql-align-justify\"><span style=\"color: rgb(34, 34, 34);\">- Một đồng tám.</span></p><p class=\"ql-align-justify\"><span style=\"color: rgb(34, 34, 34);\">Thầy minđơ vào ngồi bàn giấy viết biên lai. Xuân Tóc Đỏ ngẩn người ra, không hiểu... Nó kính cẩn hỏi:</span></p><p class=\"ql-align-justify\"><span style=\"color: rgb(34, 34, 34);\">- Bẩm bà lớn, sao bà lớn lại thương con như thế ?</span></p><p class=\"ql-align-justify\"><span style=\"color: rgb(34, 34, 34);\">- À, rồi biết ! Chúng tôi cần dùng đến anh. Anh cứ về nhà rồi sẽ hiểu. Anh có việc làm rồi !</span></p><p class=\"ql-align-justify\"><span style=\"color: rgb(34, 34, 34);\">Lão thầy số phân bua:</span></p><p class=\"ql-align-justify\"><span style=\"color: rgb(34, 34, 34);\">- Đấy nhé ? Bảo sai nữa đi !</span></p><p class=\"ql-align-justify\"><span style=\"color: rgb(34, 34, 34);\">Xuân Tóc Đỏ quay lại:</span></p><p class=\"ql-align-justify\"><span style=\"color: rgb(34, 34, 34);\">- Đúng thật ! Cụ là thánh sống ! Con xin lỗi cụ vậy !</span></p><p class=\"ql-align-justify\"><span style=\"color: rgb(34, 34, 34);\">Bà Phó Đoan hỏi:</span></p><p class=\"ql-align-justify\"><span style=\"color: rgb(34, 34, 34);\">- Cái gì ?</span></p><p class=\"ql-align-justify\"><span style=\"color: rgb(34, 34, 34);\">- Bẩm bà, thầy số hay lắm !</span></p><p class=\"ql-align-justify\"><span style=\"color: rgb(34, 34, 34);\">- Thế à? Thế thì cũng lên xe về xem cho tôi, đi !</span></p><p class=\"ql-align-justify\"><span style=\"color: rgb(34, 34, 34);\">Giấy biên lai đã xong. Bà Phó Đoan trả tiền. Ông thầy quay vào phòng giam lấy khí cụ rồi ra, theo Xuân và bà Phó lên xe. Viên quản tiễn ra tận cổng nói:</span></p><p class=\"ql-align-justify\"><span style=\"color: rgb(34, 34, 34);\">- Xin cảm tạ ! Lần sau xin quý khách chiếu cố.</span></p><p class=\"ql-align-justify\"><span style=\"color: rgb(34, 34, 34);\">Nói xong ông ta mới tưng hửng chợt nhớ ra đây là sở cẩm, chứ không phải là hiệu bánh Tây của bà quảnh ở nhà.</span></p><p><br></p>', 1, 5, 'Sau khi đi qua một cái sân vắng ngắt, người lính cảnh sát dẫn Xuân Tóc Đỏ và ông lão thầy số đến một cái buồng nhỏ vặn một vòng khóa, rồi mỉa mai ngọt ngào', 2712, 0, 2, '2025-09-17 01:30:31', 0, 2);
INSERT INTO `Chapters` (`chapter_id`, `story_id`, `title`, `content`, `is_vip`, `price`, `chap_ads_content`, `word_count`, `view_count`, `chap_number`, `created_at`, `is_final`, `read_count`) VALUES
(23, 22, 'Mặt trăng rất to và rất tròn, chiếu vằng vặc', '<p>Chương 1</p><p><br></p><p class=\"ql-align-justify\"><span style=\"color: rgb(34, 34, 34);\">Mặt trăng rất to và rất tròn, chiếu vằng vặc... cánh đồng lúa chín như một tấm thảm vàng. Con đường quan lộ rải nhựa, như một con rắn bóng nhễ nhại, nằm uốn khúc trên tấm thảm ấy. Những làng mạc xa xa hiện ra những nét vẽ thẳng đen sì.</span></p><p class=\"ql-align-justify\"><span style=\"color: rgb(34, 34, 34);\">Đó là vào tháng mười, năm 1932.</span></p><p class=\"ql-align-justify\"><span style=\"color: rgb(34, 34, 34);\">Giữa lúc đêm khuya tịch mịch ấy, trên con đường quan lộ, mà thỉnh thoảng mới có một vài cây xoan không lá khẳng khiu và tiều tụy như thứ cây trong những bức họa về “cảnh chết”, một chiếc xe hòm phăng phăng chạy hết tốc lực, thân xe chỉ là một cái chấm đen bóng, còn hai ngọn đèn sáng quắc chiếu dài hàng nửa cây số thì như hai cái tên vun vút bay dưới ánh trăng.</span></p><p class=\"ql-align-justify\"><span style=\"color: rgb(34, 34, 34);\">Xe đương phăng phăng chạy thì đến gần một chỗ ngoặt mà bên đường có một lớp quán gạch và một cây đa cổ thụ, bỗng dần dần chậm lại, rồi đứng hẳn.</span></p><p class=\"ql-align-justify\"><span style=\"color: rgb(34, 34, 34);\">Khi xe đã đứng dừng lại lâu rồi, người ta còn thấy sự cố sức của người tài xế mở máy sình sịch mấy lần nữa mà xe vẫn không nhúc nhích được một ly. Rồi thì từ xe bước xuống, hai người tài xế hấp tấp ra mũi xe, lật miếng sắt che máy ra, loay hoay kiểm điểm bộ máy. Trong khi hai người chưa tìm được cỗ xe chết vì lẽ gì, thì từ trong hòm kính thấy đưa ra một câu hỏi gắt rất ngắn, nhưng cũng đủ làm cho cả hai run lập cập.</span></p><p class=\"ql-align-justify\"><span style=\"color: rgb(34, 34, 34);\">- Thế nào?</span></p><p class=\"ql-align-justify\"><span style=\"color: rgb(34, 34, 34);\">Vài phút im lặng, rồi người tài xế chính ấp úng đáp:</span></p><p class=\"ql-align-justify\"><span style=\"color: rgb(34, 34, 34);\">- Bẩm quan, con đã thấy rồi. Cái ống cao su dẫn ét xăng có một đoạn nát nhủn, đến nỗi xăng chảy cả ra ngoài nhưng mà xuống không thoát.</span></p><p class=\"ql-align-justify\"><span style=\"color: rgb(34, 34, 34);\">-...! Sao không liệu mà thay vào cái chuyến chữa hôm nọ đi?...</span></p><p class=\"ql-align-justify\"><span style=\"color: rgb(34, 34, 34);\">Dứt lời “chửi”, “quan” bước xuống xe và sập cửa xe rất mạnh để tỏ ý giận dữ. Đó là một người gần 50 thân thể vạm vỡ, hơi lùn, trước mặt có một cặp kính trắng gọng vàng, trên môi có một ít râu lún phún kiểu tây, cái mũ dạ đen hình quả dưa, cái áo đen bóng một khuy, cái quần đen, rọc trắng, đôi giày láng mũi nhọn và bóng lộn, làm cho lão có cái vẻ sang trọng mà quê kệch, cái vẻ rất khó tả của những anh trọc phú học làm người văn minh...</span></p><p class=\"ql-align-justify\"><span style=\"color: rgb(34, 34, 34);\">Tài xế chính và phụ, cả hai đều sợ hãi lắm, cứ việc châu đầu vào cái hòm máy, lúc đánh diêm soi, lúc sờ soạng như</span></p><p class=\"ql-align-justify\"><span style=\"color: rgb(34, 34, 34);\">xẩm tìm gậy, chứ không dám quay lại nhìn đến ông chủ, lúc ấy đứng dạng háng giữa đường, hai tay khoanh trước ngực, đầu hơi cúi xuống phía trước mặt, cặp mắt gườm gườm hứa một sự trừng trị đáng sợ. Bị chủ mắng tài xế chính khẽ quát người phụ:</span></p><p class=\"ql-align-justify\"><span style=\"color: rgb(34, 34, 34);\">- Cầm lấy cái mùi xoa này, buộc nối vào hai đầu dây cao su! Mau lên! Mà quấn rõ chặt cho nó thật kín chứ!</span></p><p class=\"ql-align-justify\"><span style=\"color: rgb(34, 34, 34);\">Rồi người tài xế chính lại lên ngồi mở máy thử. Cái xe kêu sình sịch một lúc lâu rồi lại thôi. Mấy bận đều thế cả, hai người càng hấp tấp bao nhiêu, càng gia công vất vả bao nhiêu thì cái xe càng bướng bỉnh, càng ỳ ra bấy nhiêu. Lão chủ cười nhạt mà rằng:</span></p><p class=\"ql-align-justify\"><span style=\"color: rgb(34, 34, 34);\">- Tội chúng mày đáng chết cả đó, các con ạ!</span></p><p class=\"ql-align-justify\"><span style=\"color: rgb(34, 34, 34);\">Hai anh làm công đưa mắt nhìn nhau lo sợ, chứ không dám nói gì. Lão chủ lại tiếp:</span></p><p class=\"ql-align-justify\"><span style=\"color: rgb(34, 34, 34);\">- Chúng mày để ông ngủ đường thì khốn cả đó!</span></p><p class=\"ql-align-justify\"><span style=\"color: rgb(34, 34, 34);\">- Lạy quan, chẳng may như thế này, quan thương cho.</span></p><p class=\"ql-align-justify\"><span style=\"color: rgb(34, 34, 34);\">Tài xế chính van lơn như vậy rồi lại ra hiệu ngầm cho người phụ mình cứ việc vờ vịt loay hoay chữa một cách vô hiệu cái bộ máy hầu như không thể chữa được ấy.</span></p><p class=\"ql-align-justify\"><span style=\"color: rgb(34, 34, 34);\">Lão chủ hỏi:</span></p><p class=\"ql-align-justify\"><span style=\"color: rgb(34, 34, 34);\">- Thế còn bao nhiêu cây nữa đến Hà Nội?</span></p><p class=\"ql-align-justify\"><span style=\"color: rgb(34, 34, 34);\">Anh phụ lái nhanh nhảu thưa:</span></p><p class=\"ql-align-justify\"><span style=\"color: rgb(34, 34, 34);\">- Bẩm chỉ còn độ bốn mươi cây.</span></p><p class=\"ql-align-justify\"><span style=\"color: rgb(34, 34, 34);\">- Hừ!</span></p><p class=\"ql-align-justify\"><span style=\"color: rgb(34, 34, 34);\">Lão chủ hừ một cái đi đi lại lại trên đường bực tức cực điểm.</span></p><p class=\"ql-align-justify\"><span style=\"color: rgb(34, 34, 34);\">Nguyên lão ta là một ông đồn điền giàu có đã khét tiếng miền trung thổ, bữa nay đương đêm khuya về thủ đô, là vì muốn để sáng sớm hôm sau có đủ thời giờ đến một cửa hiệu kim hoàn, mua một thứ hàng quý giá, để mừng một ông tổng đốc được đệ nhị đẳng Bắc đầu bội tinh. Cho nên khi thấy xe bị liệt máy như thế ở giữa đường, đương đêm khuya, không còn biết cầu cứu vào đâu nữa thì lão băn khoăn và bực tức, băn khoăn về nỗi sợ đến mừng chậm hơn những người khác thì mất vẻ long trọng, và bực tức về nỗi từ khi lão ta giàu có đến phú gia địch quốc, từ một anh cai phu mỏ lên đến bậc nhân dân đại biểu, thì chưa hề có một sự gì trái ý lão mà lão lại phải chịu. Lần này là lần đầu, lão phải chịu thua cái máy xe hơi.</span></p><p class=\"ql-align-justify\"><span style=\"color: rgb(34, 34, 34);\">Lão đi đi lại lại như cuồng chân, như con hổ trong cũi sắt, nghĩ đến những cái má hồng mơn mởn, những cánh tay trắng như ngà ngọc của mấy cô đào ở Hà Nội... nếu tài xế của lão đã biết lo liệu từ trước cho cái xe lúc nào cũng lành lặn hoàn toàn. Vậy mà bây giờ lão phải thơ thẩn giữa nơi đồng không mông quạnh ngắm trăng suông, nhìn sương tỏa, nghe giun kêu dế khóc, bên cạnh những</span></p><p class=\"ql-align-justify\"><span style=\"color: rgb(34, 34, 34);\">tiếng búa gõ vào sắt cành cạch, những tiếng sình sịch của một cái xe hơi khó tính cứ muốn chạy lại thôi...</span></p><p class=\"ql-align-justify\"><span style=\"color: rgb(34, 34, 34);\">- Tao cho chúng mày nửa giờ sau nữa đấy!</span></p><p class=\"ql-align-justify\"><span style=\"color: rgb(34, 34, 34);\">Nói rồi, lão nhằm phía cây đa mà đi thẳng trên một con đường nhỏ, qua cánh đồng, đi dạo chơi cho tiêu diệt thì giờ, cũng không có mục đích gì khác...</span></p><p class=\"ql-align-justify\"><span style=\"color: rgb(34, 34, 34);\">Mặt trăng lúc này thì mảng mây to lướt qua che đi thành thử trời đất tối sầm hẳn lại. Sương xuống dầy quá, làm ướt cả áo của lão. Giữa cánh đồng thấy tản mạn những cục lửa xanh, lửa đỏ trên mặt đất lúc cháy lúc tắt, như ma trơi. Tiếng côn trùng tỉ tê, ri rỉ, làm cho lão ta bắt đầu cảm thấy sự im lặng, hiểu rõ được ý nghĩa sự vắng tanh và thôi cũng không nện mạnh gót giầy xuống đường lộp cộp nữa. Hai tay đút túi quần, lão cúi đầu xuống mà đi, có vẻ ngẫm nghĩ như một nhà triết học... Chợt thấy về phía trước mặt có tiếng cười khúc khích... Lão ngẩng lên, thấy bốn năm đống rạ lù lù tiến đến. Thì ra một bọn thợ cấy đi gánh rạ đêm. Ngần ấy người cười nói chuyện trò vui vẻ lắm.</span></p><p class=\"ql-align-justify\"><span style=\"color: rgb(34, 34, 34);\">Lão đứng tránh ra một bên.</span></p><p class=\"ql-align-justify\"><span style=\"color: rgb(34, 34, 34);\">Những đống rạ cũng lù lù tiến đến.</span></p><p class=\"ql-align-justify\"><span style=\"color: rgb(34, 34, 34);\">Đám mây to đã buông tha mặt trăng ra rồi. Trời đất lại sáng quang vì cái ánh trăng lạnh lẽo.</span></p><p class=\"ql-align-justify\"><span style=\"color: rgb(34, 34, 34);\">Bọn thợ cấy thấy có một người ăn mặc tây đứng đấy thì thôi không chuyện trò gì với nhau nữa, chỉ len lén rón rén đi qua. Bà lão già đi đầu khẽ thưa.</span></p><p class=\"ql-align-justify\"><span style=\"color: rgb(34, 34, 34);\">- Quan lớn làm ơn nánh cho chúng con đi một thị.</span></p><p class=\"ql-align-justify\"><span style=\"color: rgb(34, 34, 34);\">Lão bèn làm ra cái bộ thương người mà hỏi cả lũ:</span></p><p class=\"ql-align-justify\"><span style=\"color: rgb(34, 34, 34);\">- Các người đi làm đồng khuya nhỉ? Mùa màng có khá không?</span></p><p class=\"ql-align-justify\"><span style=\"color: rgb(34, 34, 34);\">Một người trong bọn đáp một câu oán hận:</span></p><p class=\"ql-align-justify\"><span style=\"color: rgb(34, 34, 34);\">- Bẩm quan, lúa bị sâu cắn ráo cả, không đủ tiền thuê ạ.</span></p><p class=\"ql-align-justify\"><span style=\"color: rgb(34, 34, 34);\">Bà lão già đi đầu qua rồi thì đến một mụ trông bẩn thỉu. Mụ thứ ba trông cũng xấu xí. Người gánh cái gánh rạ thứ tư là một ông lão râu đã bạc, cái đầu trọc quấn trong miếng vải nâu trông như một cái mõ nhà chùa, gánh thứ năm thì do một cô ả mà quần áo trông gọn ghẽ hơn hết thảy.</span></p><p class=\"ql-align-justify\"><span style=\"color: rgb(34, 34, 34);\">Lão trố mắt nhìn... Cô ả gánh rạ hơi cúi nghiêng mặt để đưa mắt nhìn trộm. Ánh sáng trăng tuy leo lét, song cũng đủ khiến cho hai con mắt rất tinh tường của nhà điền chủ nom thấy rõ hai cái má phúng phính, một cặp môi nhỏ và dầy, cái cằm tròn trĩnh và hơi lẹm trong cái vành khăn mỏ quạ bằng láng thâm. Khi cô ả gánh rạ đi qua, nghĩa là cái mặt đã khuất sau đống rạ tròn, nhà điền chủ lại trông theo cái váy nâu cũn cỡn, do một đường lạt khíu giữa, cho nó chẽn đến nửa đùi, một bộ đùi phốp pháp</span></p><p class=\"ql-align-justify\"><span style=\"color: rgb(34, 34, 34);\">trắng nõn, trông rất đáng yêu, mặc lòng từ bụng đến bàn chân đều có một lớp bùn trắng, mỏng, khô, đông lại, đã nứt ra thành từng miếng nhỏ, sắp rơi xuống...</span></p><p class=\"ql-align-justify\"><span style=\"color: rgb(34, 34, 34);\">Nhà tư bản đứng trông cái bộ đùi thôn nữ ấy một cách tần ngần trong đến vài phút, đoạn như định thần lại, thoăn thoắt bước theo mà nói bằng một giọng rất ân cần:</span></p><p class=\"ql-align-justify\"><span style=\"color: rgb(34, 34, 34);\">- Này chị gánh cái gánh lại chỗ xe ô tô kia, tôi mua một ít cho.</span></p><p class=\"ql-align-justify\"><span style=\"color: rgb(34, 34, 34);\">Thấy lời nói lạ tai ấy, chị nhà quê đứng lại, nửa tin, nửa ngờ.</span></p><p class=\"ql-align-justify\"><span style=\"color: rgb(34, 34, 34);\">Lão này nhanh nhảu dùng đến cái giọng hách dịch:</span></p><p class=\"ql-align-justify\"><span style=\"color: rgb(34, 34, 34);\">- Xe nổ lốp, người ta phải mua rạ để nhồi vào bánh, mà có sẵn rạ lại không bán hay sao? Alê mau lên gánh lại, quan lớn trả cho tiền một nửa gánh! Còn các bà già kia có muốn chờ thì cứ đi đủng đỉnh lại một tí, chị ấy đem lại chỗ xe đây kia thôi.</span></p><p class=\"ql-align-justify\"><span style=\"color: rgb(34, 34, 34);\">Nói xong, lão khôn ngoan bước nhanh về chỗ cái xe. Bọn thợ gặt cũng đủng đỉnh lên đến đường cái quan thì đặt gánh, ngồi phệt xuống đất, cẳng xoạc ra và hai tay bó làm một. Còn chị nhà quê ngây thơ thì thoăn thoắt gánh gánh rạ thẳng tiến đến cái xe hơi, trong đó quan đã chễm chệ lên ngồi và bật đèn sáng quắc lên rồi.</span></p><p class=\"ql-align-justify\"><span style=\"color: rgb(34, 34, 34);\">Hai anh tài xế quay lại, ngừng tay, nhìn ông chủ như có ý đợi lệnh gì thì lão chủ quát:</span></p><p class=\"ql-align-justify\"><span style=\"color: rgb(34, 34, 34);\">- Chúng mày ngẩn người ra làm gì thế? Chúng mày định để ông ngủ đêm trên xe này phải không?</span></p><p class=\"ql-align-justify\"><span style=\"color: rgb(34, 34, 34);\">Thế là cả hai lại quay đầu vào bộ máy. Một anh vẫn còn có gan khẽ nói:</span></p><p class=\"ql-align-justify\"><span style=\"color: rgb(34, 34, 34);\">- Bẩm quan, con đã cắt được một đoạn dây ở chỗ khác để thay vào đây rồi. Chậm lắm thì cũng chỉ nửa giờ nữa là xe chạy được.</span></p><p class=\"ql-align-justify\"><span style=\"color: rgb(34, 34, 34);\">Lời ông chủ:</span></p><p class=\"ql-align-justify\"><span style=\"color: rgb(34, 34, 34);\">- Ông cho chúng mày một giờ nữa!</span></p><p class=\"ql-align-justify\"><span style=\"color: rgb(34, 34, 34);\">Nói xong, lão chủ quay lại sau lưng nhìn qua miếng kính hậu ở hòm xe thì thấy bọn thợ gặt đặt gánh ngồi chờ ở chỗ cách xa ô tô những ba mươi thước còn cô bán rạ thì đã đến đứng bên cửa xe.</span></p><p class=\"ql-align-justify\"><span style=\"color: rgb(34, 34, 34);\">- Thưa quan, quan dùng hết cả gánh, hay độ bao nhiêu con tháo...</span></p><p class=\"ql-align-justify\"><span style=\"color: rgb(34, 34, 34);\">- À, con bán cho quan lớn một bên nhé! Tháo đi rồi quan cho tiền.</span></p><p class=\"ql-align-justify\"><span style=\"color: rgb(34, 34, 34);\">Trong lúc cô ả lúi húi tháo một bên quang thì nhà điền chủ ló đầu ra, đôi mắt phong tình ngắm nghía không chớp...</span></p><p class=\"ql-align-justify\"><span style=\"color: rgb(34, 34, 34);\">- Bẩm con gạt rạ ở bên đường đó ạ.</span></p><p class=\"ql-align-justify\"><span style=\"color: rgb(34, 34, 34);\">- Ừ, để rồi quan cho tiền.</span></p><p class=\"ql-align-justify\"><span style=\"color: rgb(34, 34, 34);\">Vờ tìm ví da trong túi áo, nhà điền chủ mắt vẫn lẳng lơ nhìn chị nhà quê cho mãi đến khi cầm trong tay cái ví rồi mà vẫn không lấy tiền ra vội, lại hỏi:</span></p><p class=\"ql-align-justify\"><span style=\"color: rgb(34, 34, 34);\">- Con tính bao nhiêu?</span></p><p class=\"ql-align-justify\"><span style=\"color: rgb(34, 34, 34);\">- Bẩm quan chả mấy tí, quan cho mấy xu cũng được ạ.</span></p><p class=\"ql-align-justify\"><span style=\"color: rgb(34, 34, 34);\">- Được lắm! Con ngoan ngoãn lắm, để ta thưởng cho nhiều tiền! Con hãy lên xe này để quan đóng cửa không rét quan... Ta đang đến tiềm đây.</span></p><p class=\"ql-align-justify\"><span style=\"color: rgb(34, 34, 34);\">Chị nhà quê nhìn đến những đệm dạ đẹp đẽ, những chỗ kền mạ bóng nhoáng, con búp bê Nhật hay hay, treo ở bên miếng kính, ngọn đèn nhỏ sáng chói lọi trên nóc xe, thấy nó sạch sẽ quá, sang trọng quá, không dám bước lên. Nhưng mà quan đã với ra định đóng cửa xe, chị đành liều mà bước lên vậy. Quan đóng cửa đánh sập một cái rồi lại hỏi:</span></p><p class=\"ql-align-justify\"><span style=\"color: rgb(34, 34, 34);\">- Thế con làm vất vả như thế thì mỗi ngày được bao nhiêu?</span></p><p class=\"ql-align-justify\"><span style=\"color: rgb(34, 34, 34);\">- Bẩm chỉ được mỗi ngày sáu xu và hai bát gạo.</span></p><p class=\"ql-align-justify\"><span style=\"color: rgb(34, 34, 34);\">- Khổ nhỉ! Thế để quan cho năm đồng con may áo mặc tết nhé! Đây này, năm cái giấy bạc một đồng đấy, con đem về mà mua nhiêu, mua xã cho chồng.</span></p><p class=\"ql-align-justify\"><span style=\"color: rgb(34, 34, 34);\">- Con xin quan lớn, cảm ơn quan lớn.</span></p><p class=\"ql-align-justify\"><span style=\"color: rgb(34, 34, 34);\">- A, nhưng mà con đã có chồng rồi hay là chưa?</span></p><p class=\"ql-align-justify\"><span style=\"color: rgb(34, 34, 34);\">Chị nhà quê cúi mặt không đáp, buộc tiền vào thắt lưng xong đứng lên.</span></p><p class=\"ql-align-justify\"><span style=\"color: rgb(34, 34, 34);\">- Thôi lạy quan, quan cho con xuống kẻo họ đợi.</span></p><p class=\"ql-align-justify\"><span style=\"color: rgb(34, 34, 34);\">- Ấy khoan đã! Mặt con tái đi thế kia, khéo không thì trúng phong rồi đó, để quan lấy cho một tị dầu trong này mà bôi rồi về thì về.</span></p><p class=\"ql-align-justify\"><span style=\"color: rgb(34, 34, 34);\">Nhà điền chủ nói xong lấy ở áo ra một lọ gì nhỏ, để đầu ngón tay vào miệng lọ lắc một cái, rồi quờ tay vào trán chị nhà quê. Chị này cứ để yên và co ro khép đôi đùi lại, kéo cái váy xuống.</span></p><p class=\"ql-align-justify\"><span style=\"color: rgb(34, 34, 34);\">...</span></p><p class=\"ql-align-justify\"><span style=\"color: rgb(34, 34, 34);\">- Giời ơi! Con lạy ông, ông buông con ra!</span></p><p class=\"ql-align-justify\"><span style=\"color: rgb(34, 34, 34);\">Giọng quan vẫn ngọt ngào:</span></p><p class=\"ql-align-justify\"><span style=\"color: rgb(34, 34, 34);\">- Con im, không được cưỡng... - Giời ơi, lạy ông! Ông đừng làm hại một đời tôi!</span></p><p class=\"ql-align-justify\"><span style=\"color: rgb(34, 34, 34);\">- Im ngay! Quan sẽ cho nhiều tiền... - Bỏ ra! Ái.</span></p><p class=\"ql-align-justify\"><span style=\"color: rgb(34, 34, 34);\">- Im cho ngoan nào... - Ối giời đất ơi! Ối làng nước...</span></p><p class=\"ql-align-justify\"><span style=\"color: rgb(34, 34, 34);\">Hai anh tài xế khôn ngoan và trung thành muốn át những tiếng ấy, cứ việc gõ búa thình thình vào một bộ phận nào đó trong động cơ...</span></p><p class=\"ql-align-justify\"><span style=\"color: rgb(34, 34, 34);\">Mãi đến lúc ông điền chủ ngồi lên bật đèn, chị nhà quê vẫn nằm đờ trong xe, hai tay bưng mặt, ngất đi. Lão này cúi xuống, hôn một cái hôn cuối cùng, lôi cái váy xuống, nhấc chị nhà quê ngồi dậy, mở cửa xe mà đẩy người ta xuống...</span></p><p class=\"ql-align-justify\"><span style=\"color: rgb(34, 34, 34);\">- Thôi, con về với họ mau lên không họ chờ.</span></p><p class=\"ql-align-justify\"><span style=\"color: rgb(34, 34, 34);\">Chị nhà quê bị đùn ra thì ngồi phịch xuống đất, vẫn rũ người ra khóc: “Ối cha mẹ ơi! Ôi cha mẹ...”. Lão này thản nhiên đóng sập cửa lại.</span></p><p class=\"ql-align-justify\"><span style=\"color: rgb(34, 34, 34);\">Rồi quát hỏi:</span></p><p class=\"ql-align-justify\"><span style=\"color: rgb(34, 34, 34);\">- Xong chưa?</span></p><p class=\"ql-align-justify\"><span style=\"color: rgb(34, 34, 34);\">Hai anh tài xế cuống quít gõ một hồi nữa rồi anh phụ trèo lên mở cửa thử máy. Chợt có tiếng nổ ghê gớm của một lũ người cùng kêu một lượt:</span></p><p class=\"ql-align-justify\"><span style=\"color: rgb(34, 34, 34);\">- Ối làng nước ơi! Ối làng nước ơi! Người ta giết người!!!</span></p><p class=\"ql-align-justify\"><span style=\"color: rgb(34, 34, 34);\">Nhà điền chủ quay lại nhìn thì đó là mấy người đàn bà đứng cách xa xe, nhưng mà chỉ kêu choáng lên thôi chứ không dám bén mảng đến. Còn chị nhà quê vừa mất tân tiết thì vẫn ngồi sệt dưới đất, bên cạnh đống rạ, mà kêu, mà rên...</span></p><p class=\"ql-align-justify\"><span style=\"color: rgb(34, 34, 34);\">Động cơ xe hơi nổ sình sình.</span></p><p class=\"ql-align-justify\"><span style=\"color: rgb(34, 34, 34);\">Đằng xa thấy một hồi tù và rúc lên.</span></p><p class=\"ql-align-justify\"><span style=\"color: rgb(34, 34, 34);\">Cánh cửa sập một cái, anh ét lên nốt xe...</span></p><p class=\"ql-align-justify\"><span style=\"color: rgb(34, 34, 34);\">Ở sau có tiếng lào xào: - “Ta hay Tây? Ta hay Tây?” Nhà điền chủ quay lại lần nữa thì đó là một bọn người có tay thước, áo tơi, quần xắn gọn, ý chừng là bọn tuần.</span></p><p class=\"ql-align-justify\"><span style=\"color: rgb(34, 34, 34);\">Xe bắt đầu từ từ chạy...</span></p><p class=\"ql-align-justify\"><span style=\"color: rgb(34, 34, 34);\">Trước hai vệt ánh sáng của đèn pha thấy hiện ra một người áo tây cộc, mũ khách bịt kín tai, giày trắng đế cao su, đứng giữa đường giơ hai tay ra chắn xe, ra hiệu bắt dừng lại.</span></p><p class=\"ql-align-justify\"><span style=\"color: rgb(34, 34, 34);\">Anh tài xế ngừng đà xe, quay nhìn chủ.</span></p><p class=\"ql-align-justify\"><span style=\"color: rgb(34, 34, 34);\">Lão này điềm nhiên phán:</span></p><p class=\"ql-align-justify\"><span style=\"color: rgb(34, 34, 34);\">- Cứ mở hết máy, tội vạ đâu tao chịu!</span></p><p class=\"ql-align-justify\"><span style=\"color: rgb(34, 34, 34);\">Thế là chiếc xe hơi cứ nhằm cái bóng người đứng dang tay mà đâm thẳng, theo cái tốc lực sáu mươi cây số một giờ.</span></p>', 1, 5, '', 2665, 0, 1, '2025-09-17 17:29:39', 0, 1),
(24, 22, 'Trong cái nhà gianh ba gian của ông đồ Uẩn, hôm ấy có đông nghịt những khách khứa.', '<p>Chương 2</p><p>&nbsp;</p><p class=\"ql-align-justify\"><span style=\"color: rgb(34, 34, 34);\">Trong cái nhà gianh ba gian của ông đồ Uẩn, hôm ấy có đông nghịt những khách khứa. Ngoài số thân bằng cố hữu đến hỏi thăm cô Mịch bị nạn đêm trước, lại có cả bọn lý dịch trong làng đến thúc giục ông đồ thảo đơn kiện lên trình quan trên. Bà đồ phải nghỉ việc đồng áng để ở nhà bếp nước thết khách. Mấy bà già, mấy cô gái ở hàng xóm cũng sang làm giúp, y như nhà có giỗ tổ vậy. Còn cô Mịch thì nằm ốm liệt giường, song bọn con giai trong làng cứ há mồm ra mà cười, sau khi đồn đại nhau rằng ấy là cô bé ấy làm ra thế cho đỡ ngượng đó mà thôi. Bà Uẩn đặt lên chiếu một mâm đầy những thịt cá rồi thì ông đồ xoa tay nói: “Bẩm các cụ thương tôi lại hỏi thăm cháu và lo việc cho thế này, thật cảm kích quá, vậy xin mời các cụ dùng cơm ngay đây cho tiện để còn lên quan kẻo cụ nào cũng lại phải về nhà thì lích kích quá”. Chứ “các cụ” đây chỉ ông chánh hội, ông phó hội, ông lý trưởng, ông phó lý, nghĩa là mấy ông tuổi mới độ 40 cả mà thôi chứ không ai già nua tuổi tác gì, song ông đồ Uẩn dùng lối xưng hô ấy&nbsp;là bởi cái tập quán ở chốn hương thôn. Bốn ông này đã ngồi chễm chệ bốn góc giường, nhưng chưa muốn cầm đũa vội, còn ra ý đợi ông trương tuần, một người anh em đồng tông với... khổ chủ, lúc ấy lên huyện trình quan. Ông đồ nài:</span></p><p class=\"ql-align-justify\"><span style=\"color: rgb(34, 34, 34);\">- Mời bốn cụ chánh phó cứ việc cho, rồi chú cháu thì về ăn với tôi cũng được.</span></p><p class=\"ql-align-justify\"><span style=\"color: rgb(34, 34, 34);\">Bốn ông kia còn dùng dằng, may sao đã thấy một giọng oang oác từ ngoài cổng tre:</span></p><p class=\"ql-align-justify\"><span style=\"color: rgb(34, 34, 34);\">- Thôi cứ việc kiện đi là được!</span></p><p class=\"ql-align-justify\"><span style=\"color: rgb(34, 34, 34);\">Đó là ông trương tuần đã về. Mọi người xúm lại hỏi han, ồn ào đến nỗi không còn ai nghe hiểu ai muốn nói gì nữa.</span></p><p class=\"ql-align-justify\"><span style=\"color: rgb(34, 34, 34);\">Ông Trương tuần lên họp cỗ, rồi sau một hồi mời mọc nhau lào xào, mới kịp nói rành rọt cho cả nhà nghe:</span></p><p class=\"ql-align-justify\"><span style=\"color: rgb(34, 34, 34);\">- Tôi vào hầu cụ lại, kể hết đầu đuôi thì cụ vội thưa lên quan, và quan bảo bây giờ bác đồ tôi có thể đệ đơn kiện kẻ vô danh, mà riêng tôi thì thay mặt cho cả làng mà rất có thể kiện cái ông chủ nào đó, ở chỗ chiếc ô tô ấy, sao thấy hiệu lại không dừng. Quan bảo cứ làm đơn cho rành mạch thì có thể vịn vào cớ suýt nữa xe đè phải người mà buộc chủ xe vào tội mưu sát được. Quan huyện là người tân học, xem ra ý sốt sắng về việc này lắm, chắc thế nào quan cũng xét xử rất công minh.</span></p><p class=\"ql-align-justify\"><span style=\"color: rgb(34, 34, 34);\">Ông chánh hội vỗ đùi rất mạnh, múa tay nói:</span></p><p class=\"ql-align-justify\"><span style=\"color: rgb(34, 34, 34);\">- Cái kiện này thế nào cũng phải được! Vì rằng điều can hệ là biển số xe thì nom thấy rồi, có phải không, ông Trương?</span></p><p class=\"ql-align-justify\"><span style=\"color: rgb(34, 34, 34);\">Ông Trương ngần ngừ mà rằng: - Nhớ thoang thoáng thôi ạ. Lúc ấy tôi cũng hốt hoảng lắm, không biết là số xe thì: hai vạn bốn nghìn tám trăm bẩy mươi nhăm, hay là hai vạn bốn nghìn tám trăm mười lăm.</span></p><p class=\"ql-align-justify\"><span style=\"color: rgb(34, 34, 34);\">Ông lý trưởng trầm tĩnh làm ra mình hiểu pháp luật:</span></p><p class=\"ql-align-justify\"><span style=\"color: rgb(34, 34, 34);\">- Mình có nhớ đích xác thì hãy khai số xe. Bằng mơ hồ thì thà kiện kẻ vô danh còn hơn, kẻo không nhỡ trùng số xe của một người nào khác thì rồi khốn cả đấy.</span></p><p class=\"ql-align-justify\"><span style=\"color: rgb(34, 34, 34);\">Nhưng ông phó hội tức khắc nổi giận mà rằng:</span></p><p class=\"ql-align-justify\"><span style=\"color: rgb(34, 34, 34);\">- Việc gì mà khốn cả? Ông bảo việc gì mà khốn cả? Tôi thì tôi tưởng nếu ông Trương đã nhìn thấy như thế thì cứ việc khai trong đơn cả hai số xe, mà không rõ đích xác là số nào! Có phải thế không, hở các cụ? Ta chỉ nhầm mà không rõ là con 7 hay con số 1 mà thôi! Ta cứ việc khai như thế, để nhà chức trách tiện điều tra chứ việc gì mà sợ!</span></p><p class=\"ql-align-justify\"><span style=\"color: rgb(34, 34, 34);\">Ông phó lý ngăn lại:</span></p><p class=\"ql-align-justify\"><span style=\"color: rgb(34, 34, 34);\">- Thôi đi, ngộ nhỡ quan trên khiển trách ông Trương, làm sao đi tuần mà gặp việc như thế, có một hàng số xe cũng không nhớ, thì có phải khổ cả không? Cái điều ấy ta phải suy nghĩ lắm mới được.</span></p><p class=\"ql-align-justify\"><span style=\"color: rgb(34, 34, 34);\">Nói rồi thì ông này từ tốn rót đầy năm cốc rượu. Năm ông mời nhau, ngửa cổ nốc một hơi cạn đoạn ông chánh hội xắn tay áo, giơ một quả đấm lên trần nhà hăng hái nói:</span></p><p class=\"ql-align-justify\"><span style=\"color: rgb(34, 34, 34);\">- Thôi các ông không phải bàn ra tán vào! Nói lắm chỉ nát chuyện! Ông Trương lúc ấy mà không nhanh chân chạy né sang một bên đường thì tất mất mạng rồi, tất nhiên đến quan thống sứ đi nữa cũng không nỡ nào bắt ông ta phải nhớ kỹ số xe... Vậy thì ta cứ kiện! Mà thằng chánh này xin thề với cả làng này, nếu thằng chánh này không kiện nổi cái thằng cha dâm ác nào đó, thì thằng chánh này đem mẹ nó triện đồng mà lên trả lại quan trên.</span></p><p class=\"ql-align-justify\"><span style=\"color: rgb(34, 34, 34);\">Mấy chục người quây quần nhau trong gian nhà, ai cũng tái mặt đi vì kính phục, không ai dám nói gì nữa. Ông chánh đứng lên, cao lênh khênh giữa đường, lại múa tay mà rằng:</span></p><p class=\"ql-align-justify\"><span style=\"color: rgb(34, 34, 34);\">- Không thì nhục lắm, xấu hổ lắm! Mà nhục cho cả làng! Nhục cho cả cái làng này, các cụ đã biết chưa?</span></p><p class=\"ql-align-justify\"><span style=\"color: rgb(34, 34, 34);\">Cử chỉ ấy làm cho ông đồ Uẩn cũng đâm ra sợ xanh mắt. Ông đồ ngăn một cách vô nghĩa lý thế này:</span></p><p class=\"ql-align-justify\"><span style=\"color: rgb(34, 34, 34);\">- Thôi, cụ chánh! Xin cụ đừng nóng nảy quá thế. Việc đã xảy ra rồi, ta cứ bình tĩnh mà nghĩ đến việc thảo đơn kiện rồi sửa soạn vào quan.</span></p><p class=\"ql-align-justify\"><span style=\"color: rgb(34, 34, 34);\">Một người hỏi:</span></p><p class=\"ql-align-justify\"><span style=\"color: rgb(34, 34, 34);\">- À, thế nhưng mà quan truyền thế nào? Quan có bảo gì ông Trương đấy không?</span></p><p class=\"ql-align-justify\"><span style=\"color: rgb(34, 34, 34);\">Ông Trương hớn hở đáp một cách sung sướng:</span></p><p class=\"ql-align-justify\"><span style=\"color: rgb(34, 34, 34);\">- Có lắm chứ! Quan bảo tôi rằng: muốn kiện hay không thì tùy, nhưng mà cứ bảo thằng chánh hội với thằng lý trưởng lên đây tao bảo. Quan lại bảo thêm phải giữ cẩn thận 5 cái giấy bạc một đồng mà lão chủ xe ấy đưa cho con Mịch thì mới có tang chứng được. A, bác đồ, thế cái số tiền ấy đâu? Đừng có tiêu đi mất đấy nhé!</span></p><p class=\"ql-align-justify\"><span style=\"color: rgb(34, 34, 34);\">- Không, tuy nhà tôi lúc nào cũng túng thật nhưng mà ai lại tiêu như thế?</span></p><p class=\"ql-align-justify\"><span style=\"color: rgb(34, 34, 34);\">Giữa lúc ấy, bà đồ Uẩn mở phòng con gái ra, sưng mặt lên mà cự ông trương tuần:</span></p><p class=\"ql-align-justify\"><span style=\"color: rgb(34, 34, 34);\">- Này, tôi xin ông! Ông khinh bỉ nhà tôi vừa vừa chứ! Tôi nghèo thực đấy, nhưng không khi nào lại khốn nạn đến như thế đâu! Tôi chưa đến lúc phải cho con gái tôi đi làm đĩ! Dù sao đi nữa thì con giai tôi cũng vẫn gửi cho tôi mỗi tháng một số tiền.</span></p><p class=\"ql-align-justify\"><span style=\"color: rgb(34, 34, 34);\">Ông đồ nhảy lên mặt đất, như giẫm phải đống kiến lửa, tru tréo:</span></p><p class=\"ql-align-justify\"><span style=\"color: rgb(34, 34, 34);\">- Thôi đi, tôi xin con gái già! Con gái già đừng có thêm điều đẻ chuyện, không có mà tôi điên tiết lên bây giờ đấy.</span></p><p class=\"ql-align-justify\"><span style=\"color: rgb(34, 34, 34);\">Từ buồng bên cạnh cũng thấy giọng của cô Mịch:</span></p><p class=\"ql-align-justify\"><span style=\"color: rgb(34, 34, 34);\">- Khổ lắm u ơi! Con sung sướng gì mà u còn phải lắm nhời, lắm điều như thế nữa!</span></p><p class=\"ql-align-justify\"><span style=\"color: rgb(34, 34, 34);\">Ấy thế là ồn ào lên một hồi. Mỗi người vào một lời, thành thử nhà như là có cuộc loạn đả. Sau nửa giờ vỡ chợ, kẻ khuyên can lại to tiếng hơn kẻ gây sự, hàng chục cái mồm đàn ông đàn bà, già và trẻ, phân bè kéo đảng nhau mà nói kháy nhau, chọc tức nhau. Ông chánh hội phải vớ lấy một cái gậy mà rằng:</span></p><p class=\"ql-align-justify\"><span style=\"color: rgb(34, 34, 34);\">- Thôi cả đấy nhé! Cấm không ai được nói nửa nhời đấy, kẻo không có mà thằng này phang cả cho một lượt chứ chẳng từ ai đâu! Lại không biết người ta bận? Lại không biết người ta chỉ chốc nữa là phải lên quan à? Cút cả đi cho các cụ làm việc!</span></p><p class=\"ql-align-justify\"><span style=\"color: rgb(34, 34, 34);\">Sau câu hát cai quyền ấy, lại nghe thấy tiếng “lên quan”, thì không một ai dám nói gì nữa. Quá nửa người làng rủ nhau len lét ra về. Bà đồ vào phòng con gái, lặng im. Sáu người kia dọn giường dọn bàn rồi ông đồ nằm bò ra thảo đơn kiện.</span></p><p class=\"ql-align-justify\"><span style=\"color: rgb(34, 34, 34);\">Ông lý trưởng nói:</span></p><p class=\"ql-align-justify\"><span style=\"color: rgb(34, 34, 34);\">- Cái kiện này to lắm! Tôi không được mục kích nên không dám chắc nhưng mà cứ theo như lời bác Trương nói thì dễ thường chủ xe là lão Nghị Hách ở tỉnh miền trên ấy chứ chẳng phải xa lạ đâu!</span></p><p class=\"ql-align-justify\"><span style=\"color: rgb(34, 34, 34);\">- Thằng cha có hai chục con vợ lẽ trong đồn điền ấy à?</span></p><p class=\"ql-align-justify\"><span style=\"color: rgb(34, 34, 34);\">- Phải.</span></p><p class=\"ql-align-justify\"><span style=\"color: rgb(34, 34, 34);\">- Cái thằng cha bỏ bã rượu vào ruộng lương dân rồi báo nhà đoan và chỉ bởi một thủ đoạn ấy đã tậu được ba trăm mẫu ruộng rất rẻ tiền ấy à?</span></p><p class=\"ql-align-justify\"><span style=\"color: rgb(34, 34, 34);\">- Chính thế.</span></p><p class=\"ql-align-justify\"><span style=\"color: rgb(34, 34, 34);\">- Cái thằng cha độc ác đánh chết người làm rồi vứt xác người ta xuống giếng, mà khai người ta tự tử ấy à?</span></p><p class=\"ql-align-justify\"><span style=\"color: rgb(34, 34, 34);\">- Nó đấy?</span></p><p class=\"ql-align-justify\"><span style=\"color: rgb(34, 34, 34);\">- Thế nào? Thế thì phải kiện cho nó bỏ mẹ nó đi chứ?</span></p><p class=\"ql-align-justify\"><span style=\"color: rgb(34, 34, 34);\">Ông Lý bình tĩnh đáp ông Chánh:</span></p><p class=\"ql-align-justify\"><span style=\"color: rgb(34, 34, 34);\">- Nào biết là rồi nó bỏ mẹ hay chúng mình bỏ mẹ!</span></p><p class=\"ql-align-justify\"><span style=\"color: rgb(34, 34, 34);\">Ông đồ vứt bút xuống chiếu, ngồi lên mà rằng.</span></p><p class=\"ql-align-justify\"><span style=\"color: rgb(34, 34, 34);\">- Ông nói đến chó cũng không nghe được.</span></p><p class=\"ql-align-justify\"><span style=\"color: rgb(34, 34, 34);\">Ông Lý vẫn bình tĩnh một cách khả ố:</span></p><p class=\"ql-align-justify\"><span style=\"color: rgb(34, 34, 34);\">- Chó không nghe được nhưng mà tôi nghe được! Đây nhé: lão nghị ấy có năm trăm mẫu đồn điền trên tỉnh này, một cái mỏ than ở Quảng Yên này, ba chục nóc nhà tây ở Hà Nội, bốn chục nóc nhà nữa ở Hải Phòng này, bạc nhà nó cứ gọi gà ăn không hết, vậy ông có đủ tiền chọi nhau với nó không? Vô phúc thời đáo tụng đình ông ạ.</span></p><p class=\"ql-align-justify\"><span style=\"color: rgb(34, 34, 34);\">Ông phó hội cự ông lý:</span></p><p class=\"ql-align-justify\"><span style=\"color: rgb(34, 34, 34);\">- Chả nhẽ nó hiếp con gái làng mà không kiện à? Sao ông cứ bàn ngang thế?</span></p><p class=\"ql-align-justify\"><span style=\"color: rgb(34, 34, 34);\">- Tôi không bàn ngang mà cũng không ngăn trở gì ai hết. Ai có tiền có sức cứ việc theo kiện. Nhưng tôi mong rằng cứ để ông đồ kiện về con gái ông ấy bị hiếp mà thôi.</span></p><p class=\"ql-align-justify\"><span style=\"color: rgb(34, 34, 34);\">Ông chánh ngồi lên ngay ngắn mà rằng:</span></p><p class=\"ql-align-justify\"><span style=\"color: rgb(34, 34, 34);\">- À, thế mà lúc nãy ông cứ tự do ngồi vào đánh chén! Ông tưởng cụ đồ làm bữa rượu ấy để cho ông ăn không đấy à? Ông phải biết nghĩa lý cái mâm rượu ấy mới được chứ!</span></p><p class=\"ql-align-justify\"><span style=\"color: rgb(34, 34, 34);\">- Thôi, ông say rồi, tôi không dám nói nữa.</span></p><p class=\"ql-align-justify\"><span style=\"color: rgb(34, 34, 34);\">- Ông bảo ai say? Ông bảo ai say?</span></p><p class=\"ql-align-justify\"><span style=\"color: rgb(34, 34, 34);\">- Kìa, chết chửa kìa! Sao lại thế, hai ông?</span></p><p class=\"ql-align-justify\"><span style=\"color: rgb(34, 34, 34);\">- Tôi chỉ muốn bảo một mình ông đồ kiện thôi cũng đủ, chứ không việc gì mà phải có cả lá đơn của làng cũng đứng kiện. Trương tuần không chết chẹt thì không việc gì đến làng, mà cả làng phải đứng kiện. Tự nhiên trêu người ta để rồi người ta thù cho cả lũ ấy à?</span></p><p class=\"ql-align-justify\"><span style=\"color: rgb(34, 34, 34);\">- Thế ông có biết quan truyền ra sao không?</span></p><p class=\"ql-align-justify\"><span style=\"color: rgb(34, 34, 34);\">- Mặc! Ông quyết không ký vào đơn.</span></p><p class=\"ql-align-justify\"><span style=\"color: rgb(34, 34, 34);\">- Ông mặc thì kệ ông? Đây có bốn người ký rồi. Chánh hội, phó hội, phó lý, trương tuần, ký cả rồi. Còn ông là lý trưởng mà không ký thì cũng không ai cần. Ông là đồ hèn nhát! Ông không muốn lên quan thì ông về đi.</span></p><p class=\"ql-align-justify\"><span style=\"color: rgb(34, 34, 34);\">Tuy thế, ông lý trưởng cũng không về. Ông cứ ngồi nguyên chỗ, chờ cho đến nửa giờ sau khi hai lá đơn kiện</span></p><p class=\"ql-align-justify\"><span style=\"color: rgb(34, 34, 34);\">thảo xong rồi thì ông cũng ký. Mọi người đều được bằng lòng thì lại đến lượt bà đồ Uẩn ra ngăn:</span></p><p class=\"ql-align-justify\"><span style=\"color: rgb(34, 34, 34);\">- Thôi, các cụ ạ! Nào biết rồi có ăn thua gì không mà kiện với tụng, rồi nay quan gọi, mai quan gọi, chỉ tổ mất cả công việc làm ăn. Phương ngôn đã có câu: Vô phúc đáo tụng đình.</span></p><p class=\"ql-align-justify\"><span style=\"color: rgb(34, 34, 34);\">Ông đồ phải làm ầm ĩ lên một hồi nữa rồi người ta mới quyết định kéo nhau lên quan.</span></p><p class=\"ql-align-justify\"><span style=\"color: rgb(34, 34, 34);\">Làng Quỳnh Thôn cách xa huyện lỵ chừng mười cây số. Bà đồ Uẩn phải mở cái hòm khóa chuông lấy nốt ba đồng bạc chinh ra trao ông đồ. Đó là cả vốn liếng của một cái gia đình của một thầy đồ có dưới cái roi mây của mình, đúng sáu đứa trẻ thuộc hạng nửa người, nửa ngợm, và nửa đười ươi. Tiền xe pháo mà thừa thì chẳng kể, chứ nếu lại ăn hết vào chỗ ấy thì rồi người ta không biết trông vào đâu mà ăn cho đến tết nguyên đán.</span></p><p class=\"ql-align-justify\"><span style=\"color: rgb(34, 34, 34);\">Thị Mịch đã phải gắng gượng ngồi dậy...</span></p><p class=\"ql-align-justify\"><span style=\"color: rgb(34, 34, 34);\">Đến lúc thấy mẹ thúc giục, cô bé phải mặc đến cái áo bông, cái quần thâm là những cái để dành riêng cho ngày đình đám. Cô Mịch tuy nghe thấy bảo lên để quan khám, nhưng chưa hiểu khám là thế nào. Cho nên cô cứ việc theo mẹ ra đi.</span></p><p class=\"ql-align-justify\"><span style=\"color: rgb(34, 34, 34);\">Cả bọn lôi thôi, lốc thốc, kéo nhau ra khỏi làng. Trước những cặp mắt toét mà còn tò mò của bọn giai làng, trước những cái mồm cười rất khả ố, cô Mịch cúi gầm mặt xuống</span></p><p class=\"ql-align-justify\"><span style=\"color: rgb(34, 34, 34);\">đất, vịn vào tay mẹ mà đi. Còn bà đồ thì coi bộ đăm đăm, chiêu chiêu của một tín đồ đạo Gia tô, đi vào cái hàng sẽ dẫn lên cây thập tự, hoặc sẽ bị chết chém ở thời vua Minh Mệnh vậy.</span></p><p class=\"ql-align-justify\"><span style=\"color: rgb(34, 34, 34);\">Qua một cánh đồng ngót hai cây số mới thấy đường cái quan. Lên chỗ một cái quán mái gianh rồi, ông chánh hội mời cả bọn nghỉ chân để cho một anh phu xe đi gọi thêm mấy cái xe khác nữa đến cho đủ.</span></p><p class=\"ql-align-justify\"><span style=\"color: rgb(34, 34, 34);\">Tám người còn ngồi chờ thì thấy từ xa tiến đến một thiếu niên áo sa tanh, giầy ban, khăn lượt, áo dạ khoác ngoài, trông sang trọng lắm. Thiếu niên tiến đến chỗ tám người, nghiêng đầu chào cả lũ mà rằng:</span></p><p class=\"ql-align-justify\"><span style=\"color: rgb(34, 34, 34);\">- Tôi hỏi thăm các ông có phải làng có ông đồ Uẩn dạy học thì chính là cái rặng tre đây kia rồi, có phải không ạ?</span></p><p class=\"ql-align-justify\"><span style=\"color: rgb(34, 34, 34);\">- Phải đấy. Nhưng mà ngài tìm ai trong làng?</span></p><p class=\"ql-align-justify\"><span style=\"color: rgb(34, 34, 34);\">Lời ông đồ hỏi.</span></p><p class=\"ql-align-justify\"><span style=\"color: rgb(34, 34, 34);\">- Tôi muốn tìm chính ông đồ.</span></p><p class=\"ql-align-justify\"><span style=\"color: rgb(34, 34, 34);\">- Để có việc gì thế ạ?</span></p><p class=\"ql-align-justify\"><span style=\"color: rgb(34, 34, 34);\">- Nguyên tôi là phóng viên một nhà báo...</span></p><p class=\"ql-align-justify\"><span style=\"color: rgb(34, 34, 34);\">- Bẩm thế sao nữa ạ?</span></p><p class=\"ql-align-justify\"><span style=\"color: rgb(34, 34, 34);\">- Tôi thấy đồn đêm qua, hình như có một việc chẳng may xẩy ra cho con gái ông đồ.</span></p><p class=\"ql-align-justify\"><span style=\"color: rgb(34, 34, 34);\">- Thế ngài ở báo nào vậy?</span></p><p class=\"ql-align-justify\"><span style=\"color: rgb(34, 34, 34);\">- Tôi giúp việc cho một tờ báo tên là Lưỡng kỳ, nghĩa là một tờ báo hàng ngày to nhất Đông Dương.</span></p><p class=\"ql-align-justify\"><span style=\"color: rgb(34, 34, 34);\">Ông chánh hội sốt ruột nói phăng ngay:</span></p><p class=\"ql-align-justify\"><span style=\"color: rgb(34, 34, 34);\">- Các ông nhà báo hỏi chuyện để lấy tin chứ còn làm gì nữa! Ông nhận quách đi cho có được không! Chính ông đồ Uẩn đấy ngài ạ. Chúng tôi là lý dịch trong làng cùng ông ấy đi lên quan đây.</span></p><p class=\"ql-align-justify\"><span style=\"color: rgb(34, 34, 34);\">Thiếu niên nghiêm giọng:</span></p><p class=\"ql-align-justify\"><span style=\"color: rgb(34, 34, 34);\">- Nếu việc là đích xác thì chúng tôi xin hết sức công kích kẻ làm bậy, mà bênh vực người yếu thế, mặc lòng kẻ làm bậy, là người quyền thế như thế nào.</span></p><p class=\"ql-align-justify\"><span style=\"color: rgb(34, 34, 34);\">Giữa lúc ấy, anh phu xe đã đi gọi thêm được hai chiếc xe.</span></p><p class=\"ql-align-justify\"><span style=\"color: rgb(34, 34, 34);\">Ông đồ Uẩn hỏi thiếu niên:</span></p><p class=\"ql-align-justify\"><span style=\"color: rgb(34, 34, 34);\">- Thế ngài là người ở Hà Nội về hay là người vùng này?</span></p><p class=\"ql-align-justify\"><span style=\"color: rgb(34, 34, 34);\">- Tôi là con ông chủ ty rượu ở ngay huyện.</span></p><p class=\"ql-align-justify\"><span style=\"color: rgb(34, 34, 34);\">- Ồ thế thì hay lắm, mời ngài lên xe về huyện, chúng ta chúng ta chuyện trò ở dọc đường.</span></p><p class=\"ql-align-justify\"><span style=\"color: rgb(34, 34, 34);\">Tất cả có ba cái xe mà những chín người. Anh phu kêu chỉ gọi về được có thế thôi cả bọn đành phải ngồi ba người một xe. Cái xe cuối cùng kéo ông đồ, bà đồ và cô Mịch.</span></p><p class=\"ql-align-justify\"><span style=\"color: rgb(34, 34, 34);\">Cái đám rước ngoạn mục ấy bắt đầu khởi hành. Ba anh phu xe cắm cổ kéo... Cùng đường, người ta thấy ông chánh hội và nhà viết báo là hai người có những giọng hùng hồn,</span></p><p class=\"ql-align-justify\"><span style=\"color: rgb(34, 34, 34);\">hết lòng vì nước vì dân. Sau một giờ đồng hồ thì đến huyện.</span></p><p class=\"ql-align-justify\"><span style=\"color: rgb(34, 34, 34);\">Huyện Cúc Lâm ở vào chốn ấy quang cảnh cũng như trăm nghìn huyện khác. Ở một phố kéo dài hai bên đường quan lộ, huyện có nhà bưu điện, nhà thương, nhà đoan và một nhà lô cốt. Phố xá lơ thơ một ít nhà gạch hai tầng giữa những cái nhà gianh.</span></p><p class=\"ql-align-justify\"><span style=\"color: rgb(34, 34, 34);\">Đến cửa huyện, bốn tay lý dịch trong làng nói gì với bác lính khố xanh, để cho bác này chạy vào một lúc rồi chạy ra bảo:</span></p><p class=\"ql-align-justify\"><span style=\"color: rgb(34, 34, 34);\">- Quan cho vào cả!</span></p><p class=\"ql-align-justify\"><span style=\"color: rgb(34, 34, 34);\">Quan huyện còn trẻ lắm, trông chỉ mới ngoài hai mươi tuổi thôi, đương ngồi cặm cụi viết.</span></p><p class=\"ql-align-justify\"><span style=\"color: rgb(34, 34, 34);\">Bốn ông lý dịch vừa phủ phục dưới đất, quan đã giơ tay ngăn:</span></p><p class=\"ql-align-justify\"><span style=\"color: rgb(34, 34, 34);\">- Thôi, ta tha cho!</span></p><p class=\"ql-align-justify\"><span style=\"color: rgb(34, 34, 34);\">Viên đề lại rón rén để hai lá đơn trên bàn. Quan cúi xuống đọc đơn. Sự im lặng trong huyện đường khiến cho quan càng oai vệ lắm. Bỗng quan ngừng lại, hất hàm bảo một lính lệ:</span></p><p class=\"ql-align-justify\"><span style=\"color: rgb(34, 34, 34);\">- Dắt hai người đàn bà kia sang nhà thương để quan đốc khám nghiệm!</span></p><p class=\"ql-align-justify\"><span style=\"color: rgb(34, 34, 34);\">Tên lính lệ ra hiệu cho bà đồ và cô Mịch lại quay ra để theo gót mình.</span></p><p class=\"ql-align-justify\"><span style=\"color: rgb(34, 34, 34);\">Quan xem đơn một lúc rồi ngẩng đầu lên hỏi:</span></p><p class=\"ql-align-justify\"><span style=\"color: rgb(34, 34, 34);\">- Thế các thầy lý dịch phải gọi ba bà già với ông cụ gánh rạ ấy lên đây ký vào đơn làm chứng nhé? Chiều ngày mai thì lên cả đây, hiểu chưa?</span></p><p class=\"ql-align-justify\"><span style=\"color: rgb(34, 34, 34);\">Bọn lý dịch giậm dạ vang huyện đường. Vừa lúc này thấy viên cai lệ từ ngoài nhanh nhẹn lẻn đi vào để lên bàn giấy quan một tấm danh thiếp:</span></p><p class=\"ql-align-justify\"><span style=\"color: rgb(34, 34, 34);\">Quan trầm ngâm một lát, hỏi:</span></p><p class=\"ql-align-justify\"><span style=\"color: rgb(34, 34, 34);\">- Trong bọn này ai là trương tuần Quỳnh Thôn?</span></p><p class=\"ql-align-justify\"><span style=\"color: rgb(34, 34, 34);\">Bác trương xích ra, kêu:</span></p><p class=\"ql-align-justify\"><span style=\"color: rgb(34, 34, 34);\">- Bẩm con,</span></p><p class=\"ql-align-justify\"><span style=\"color: rgb(34, 34, 34);\">Quan khẽ bảo:</span></p><p class=\"ql-align-justify\"><span style=\"color: rgb(34, 34, 34);\">- Thử vờ ra xem có phải chính cái ô tô ấy không rồi lại vào đây.</span></p><p class=\"ql-align-justify\"><span style=\"color: rgb(34, 34, 34);\">Bác trương ra cửa huyện đường một lát rồi quay vào, kêu lên:</span></p><p class=\"ql-align-justify\"><span style=\"color: rgb(34, 34, 34);\">- Bẩm quan lớn, chính đấy ạ.</span></p><p class=\"ql-align-justify\"><span style=\"color: rgb(34, 34, 34);\">Quan phán:</span></p><p class=\"ql-align-justify\"><span style=\"color: rgb(34, 34, 34);\">- Lệ đâu! Dắt bọn này ra cửa sau huyện mà cho về. Lý dịch thì rồi chiều mai phải viện đủ chứng tá đến. Còn anh cai thì ra bảo rằng quan tôi cho vào.</span></p><p class=\"ql-align-justify\"><span style=\"color: rgb(34, 34, 34);\">Ba phút sau, khi bọn ông đồ Uẩn đã thảo ra rồi thì quan huyện chỉ thấy một người đàn bà, một mỹ nhân nữa, quần áo tân thời, sang trọng bệ vệ, bước vào, cười nói rất tự nhiên mà rằng:</span></p><p class=\"ql-align-justify\"><span style=\"color: rgb(34, 34, 34);\">- Lạy quan lớn ạ! Chúng tôi phải dùng thiếp của ông nghị tôi thì chắc quan mới cho vào ngay. Vậy xin lỗi quan lớn nhé! Tôi thay mặt ông nghị Hách tôi, đến thưa với quan lớn một chuyện riêng... Thế ngài có bằng lòng tiếp tôi không nào?</span></p><p>&nbsp;</p><p>&nbsp;</p>', 1, 5, 'Lạy quan lớn ạ! Chúng tôi phải dùng thiếp của ông nghị tôi thì chắc quan mới cho vào ngay. Vậy xin lỗi quan lớn nhé! Tôi thay mặt ông nghị Hách tôi, đến thưa với quan lớn một chuyện riêng... Thế ngài có bằng lòng tiếp tôi không nào?', 3166, 0, 2, '2025-09-17 17:30:14', 0, 0);
INSERT INTO `Chapters` (`chapter_id`, `story_id`, `title`, `content`, `is_vip`, `price`, `chap_ads_content`, `word_count`, `view_count`, `chap_number`, `created_at`, `is_final`, `read_count`) VALUES
(25, 22, 'Cái ấp của nhà triệu phú Tạ Đình Hách thật là đồ sộ nhất tỉnh, đến dinh quan Công sứ cũng không to tát bằng', '<p>Chương 3</p><p>&nbsp;</p><p class=\"ql-align-justify\"><span style=\"color: rgb(34, 34, 34);\">Cái ấp của nhà triệu phú Tạ Đình Hách thật là đồ sộ nhất tỉnh, đến dinh quan Công sứ cũng không to tát bằng. Ấp ở cách tỉnh lỵ năm cây số, làm trên một ngọn đồi cao một trăm thước, diện tích ước độ mười mẫu ta. Chung quanh ấp, nghĩa là sườn đồi, thì giồng toàn một giống cà phê, khiến cho khách bộ hành từ đằng xa đã thấy một quả núi nhỏ xanh đen mà trên ngọn là ba tòa nhà tây, tòa giữa thì ba tầng, hai tòa bên thì hai tầng, trông kiên cố và oai nghiêm như một trại binh vậy. Điểm lơ thơ bên cạnh những tòa nhà ấy, là những cây gạo, cây muỗm cổ thụ, những cây ngô đồng và những cây thông. Chung quanh ba tòa nhà có vườn hoa thì là một vòng tròn rào găng cao tới hai đầu người và dày độ hai thước. Cồng chính của ấp, xây bằng xi măng cốt sắt, là một cái thể môn kiểu Nhật Bản trên có đề bốn chữ nó tỏ rõ cái linh hồn ông chủ: Tiểu vạn trường thành. Từ cổng ấp, nghĩa là từ lưng chừng đồi mà xuống đến đường quan lộ, thì có một&nbsp;con đường nhỏ cũng rải đá và đổ nhựa kỹ càng cũng như đường thuộc địa.</span></p><p class=\"ql-align-justify\"><span style=\"color: rgb(34, 34, 34);\">Trong ấp cái gì cũng ngăn nắp lắm. Trước cái tòa nhà ba tầng mà người ta phải leo lên bằng mười sáu bực thềm đá là cái sân rộng rải cuội, có những luống hoa hoặc cỏ tóc tiên, có một cái bể tròn xây nền xi măng sâu ba thước, mà chung quanh là một đường lan can gỗ chạm và sơn son thiếp vàng. Trong bể thả sen, vì bể lúc nào cũng nhiều nước. Ba đường máng kẽm bắt chung quanh mái ba tòa nhà rồi ăn ngầm dưới lớp cuộc ở sân dẫn nước mưa vào bể. Chung quanh bể là một lượt liễu yểu điệu như những thiếu nữ đứng xõa tóc châu đầu nhìn xuống mặt nước. Cách ba gốc liễu một, lại có một cái ghế đá như ở những công viên. Cách năm góc một, lại có một chuồng chim, đầy những con vành khuyên, ri ca, bay ở trên để cho một đôi trĩ, lông đuôi dài lê thê từ tốn đi lại ở dưới. Những luống hoa đều đắp theo những hình vẽ kỷ hà học: tròn, bán nguyệt, lục lăng. Những cây hoa tây, ta, và tàu, trong những luống hoa, đều giống thành những hình chữ hỉ, chữ thọ, hoặc những chữ T.Đ.H là những chữ đầu về tên họ nhà đại phú. Những cái đôn sứ hình trống, hình voi phục, bày rải rác trong cái sân trước, cũng đã vào số hai trăm.</span></p><p class=\"ql-align-justify\"><span style=\"color: rgb(34, 34, 34);\">Sau tòa nhà ba tầng là sân cỏ có loáng thoáng những cây cau và thông. Giữa sân là một cái nhà giống như nhà kèn các tỉnh, mái bằng đá đen trên tám cột hình bát giác,</span></p><p class=\"ql-align-justify\"><span style=\"color: rgb(34, 34, 34);\">trên nóc có ba chữ hán: Nghinh phong đình... Trong Nghinh phong đình sẵn có bàn ghế để chủ nhân giải khát với khách khứa, vào những ngày hè nóng nực.</span></p><p class=\"ql-align-justify\"><span style=\"color: rgb(34, 34, 34);\">Từ cái sân này đi mãi vào năm trăm thước nữa đến một khu bốn gian nhà gạch một tầng, xây bên cạnh một cái sân tròn, rào bằng lưới thép, bên trong inh ỏi những tiếng gà Nhật Bản, gà tây... Bốn gian nhà ấy là chỗ nuôi lợn, bò, dê, thỏ và là chỗ ở của những anh bếp, thợ vườn. Từ khu này lại đi hai trăm thước nữa thì đến một nơi cây cối um tùm phảng phất như lăng. Giữa đám lá xanh rậm rạp ấy, nhoi lên một cái sinh phần bằng cẩm thạch, lối bài trí và kiến trúc theo kiểu Xiêm La, để mai sau chủ nhân gửi nắm xương tàn.</span></p><p class=\"ql-align-justify\"><span style=\"color: rgb(34, 34, 34);\">Xem lối ăn ở như vậy thì thật là đế vương. Là vì riêng cái tòa nhà ba tầng ở giữa ấp thì tầng dưới là phòng khách, tầng gác nhì là phòng ăn, mà gác ba mới là chỗ làm việc và phòng nghỉ của nhà tư bản. Còn hai tòa nhà hai tầng ở hai bên thì một là để cho gia đình họ mạc, hoặc các bạn thân đến ăn ở, và một nữa là nhà tờ, những phòng ngủ đồ đạc rất sang trọng nhưng mà chỉ đề phòng xa. Thành thử bọn gia nhân gồm có quản gia, tài xế, thư ký ấp, đều được mặc sức tung hoành như những người nhà của ông chủ.</span></p><p class=\"ql-align-justify\"><span style=\"color: rgb(34, 34, 34);\">Tóm lại một câu thì ấp Tiểu vạn trương thanh là một tòa lâu đài hẳn hoi, vì cách ăn ở của chủ nhân khiến ta&nbsp;phải tưởng tượng đến cách ăn ở của những vị công hầu, khanh tướng, trong những tiểu thuyết Tàu vậy.</span></p><p class=\"ql-align-justify\"><span style=\"color: rgb(34, 34, 34);\">Buổi sáng hôm ấy, mười một cô nàng hầu của nhà triệu phú, không phải đi coi đồn điền. Bốn hôm trước, Tạ Đình Hách, trước khi ra đi, vào lúc đêm khuya, có nói với mấy người rằng sẽ không có mặt ở ấp độ một tuần lễ, vì sau khi về Hà Nội mừng ông bạn tổng đốc thì sẽ xuống Hải Phòng có việc với bà cả, rồi tiện đường đi thăm mỏ ở Quảng Yên. Vậy mà mới sáng hôm nay lại có một bức điện tín đánh về rằng nội chiều nay thì “quan” về, nên chỉ mười một cô ả kia lại được ở nhà sửa soạn hầu hạ một ông chồng mà họ khiếp sợ như một vị bạo chúa. Vì chung mỗi người đều có một cái tiểu sử về nhân duyên kỳ lạ và đặc biệt cả, nên ai cũng hiểu rõ cái địa vị của mình, thật chả khác địa vị của một cung phi, mặc lòng họ không là cung phi. Thôi thì ai cũng hết sức tự tô lục chuốt hồng, chiều chuộng nịnh hót đức lang quân, ngõ hầu được với luôn thì đã đủ là hân hạnh. Ngày thì họ là những tay quản gia đồn điền của ông chủ. Đêm đến họ là vợ... Mà những ngày chẳng may mà bà cả ở Cảng về thăm thì họ chỉ là những người đi hái chè, đi giồng cà phê, lương mỗi ngày mỗi người được 15 xu. Cách cư xử và ăn ở của họ trong ấp, thật giống với cái đời của những cô ả đào.</span></p><p class=\"ql-align-justify\"><span style=\"color: rgb(34, 34, 34);\">Trong số mười một cô ấy, có tám cô gái quê một trăm phần trăm, và ba cô là gái giang hồ lượm lặt, sau mấy</span></p><p class=\"ql-align-justify\"><span style=\"color: rgb(34, 34, 34);\">cuộc dạ yến ở Hà Nội, Nam Định, hoặc Hải Phòng của nhà tư bản, có mười cô được ông chủ đặt tên cho là: Phú, Quý, Thọ, Khang, Ninh, Nhân, Nghĩa, Lễ, Trí, Tín. Còn một mụ, trạc độ 40 tuổi, giám đốc bọn ấy và giữ chìa khóa két trong nhà, chi lương cho thợ gặt và gia nhân, nghĩa là người được ông điền chủ tin cậy nhất, thì vẫn giữ nguyên tên cũ là cô Kiểm, nguyên xưa cô này đã lấy một ông tây kiểm lâm một đêm, ông Nghị Hách xuống Cảng, trong một lúc rỗi việc, đã đến một khách sạn nọ thuê buồng. Thằng hồi săm gọi đến Kiểm lâm phu nhân. Thế rồi thì... Ít lâu về sau, cô Kiểm về làm cô nàng hầu cả của quan nghị.</span></p><p class=\"ql-align-justify\"><span style=\"color: rgb(34, 34, 34);\">- Gớm chửa kìa! Các bà lớn còn ườn xác ra mãi thế! Dậy đi thôi chứ! Quan cũng sắp về rồi đấy!</span></p><p class=\"ql-align-justify\"><span style=\"color: rgb(34, 34, 34);\">Tay cầm một chùm chìa khóa, tóc vấn trần, chân dép dừa quai nhung, co ro trong một cái áo len rất đẹp, cô Kiểm nói dõng như vậy, rồi đứng sừng sững trước cửa phòng, một cái phòng rộng rãi có kê tám cái giường tây gỗ, chân màn đủ cả như trong một cái phòng hộ sinh. Lúc ấy cũng chỉ còn có vài ba cô nằm ngủ li bì thôi, song cái tính nói chùm nói lớp là thói quen của cô Kiểm. Tức thì cô Tín vùng dậy, sang cái giường bên cạnh đập vào những đống chăn bông bồm bộp mà rằng:</span></p><p class=\"ql-align-justify\"><span style=\"color: rgb(34, 34, 34);\">- Các chị ơi, quá ngọ rồi mà quan cũng sắp về rồi dậy đi, mau lên!</span></p><p class=\"ql-align-justify\"><span style=\"color: rgb(34, 34, 34);\">Lúc ấy cô Quí, cô Ninh, cô Nhân đã ngồi trước bàn kẻ chải đầu, kẻ đánh phấn. Còn cô Phú, cô Thọ, cô Trí thì vẫn uể oải trong chăn với mấy tờ báo, mấy cuốn truyện ngôn tình. Riêng có cô Lễ, một cô mặt trông ngây thơ có cái vẻ đẹp nâu sồng thì ngồi riêng biệt một cái bàn và đương học: e o eo, êu êu, iu ui...</span></p><p class=\"ql-align-justify\"><span style=\"color: rgb(34, 34, 34);\">Thấy có người gọi, cô Khang và cô Nghĩa tung chăn ngồi lên ngáp dài mà rằng: “Hôm nay có phải làm lụng gì đâu mà phải dậy sớm?”</span></p><p class=\"ql-align-justify\"><span style=\"color: rgb(34, 34, 34);\">Cô Kiểm lạnh lùng:</span></p><p class=\"ql-align-justify\"><span style=\"color: rgb(34, 34, 34);\">- Thưa hai bà lớn, cũng không sớm là mấy nữa đâu ạ.</span></p><p class=\"ql-align-justify\"><span style=\"color: rgb(34, 34, 34);\">Nghe thấy vậy, hai cô ngồi nhỏm lên. Mười lăm phút sau, cảnh tượng trong phòng đổi hẳn. Đó là những cái quần trắng, áo di lê, áo len, khăn nhung, thắt lưng hoa đào, và những dép quai nhung hoạt động trong phòng trước những cái tủ áo, bàn rửa mặt, - không khí một nhà ả đào, lúc đã đến giờ trang điểm, đợi khách làng chơi. Nếu chủ nhân mà ở nhà thì dù sao cũng phải sẵn có đàn bà để chủ nhân ông sai bảo việc vặt, hoặc ngứa mồm thì hôn một cái, ngứa tay thì sờ soạng một cái cấu véo một cái...</span></p><p class=\"ql-align-justify\"><span style=\"color: rgb(34, 34, 34);\">Cô Kiểm lại đứng bên cạnh cô Lễ, khẽ hỏi:</span></p><p class=\"ql-align-justify\"><span style=\"color: rgb(34, 34, 34);\">- Thế nào, mấy hôm nay em có được sạch sẽ không?</span></p><p class=\"ql-align-justify\"><span style=\"color: rgb(34, 34, 34);\">Cô Lễ len lét thưa</span></p><p class=\"ql-align-justify\"><span style=\"color: rgb(34, 34, 34);\">- Dạ sạch sẽ lắm ạ.</span></p><p class=\"ql-align-justify\"><span style=\"color: rgb(34, 34, 34);\">- Thế có nhớ đến hộp táo tàu đấy hay là không?</span></p><p class=\"ql-align-justify\"><span style=\"color: rgb(34, 34, 34);\">...</span></p><p class=\"ql-align-justify\"><span style=\"color: rgb(34, 34, 34);\">Chợt có tiếng động cơ xe hơi, trước còn văng vẳng, sau thấy mỗi phút một rõ dần. Một hồi còi điện như tiếng lợn hét, rúc vang lên. Cả phòng nhao nhao.</span></p><p class=\"ql-align-justify\"><span style=\"color: rgb(34, 34, 34);\">- Quan về! Xe quan đã về thật.</span></p><p class=\"ql-align-justify\"><span style=\"color: rgb(34, 34, 34);\">Một số đông các cô, những cô quần trùng áo dài rồi xô nhau chạy ra hành lang, nhìn xuống sân. Một cô kêu:</span></p><p class=\"ql-align-justify\"><span style=\"color: rgb(34, 34, 34);\">- Không phải xe ông. À, à! Xe cậu cả! Cậu tú lên chơi, chúng mày ạ.</span></p><p class=\"ql-align-justify\"><span style=\"color: rgb(34, 34, 34);\">Một cô khác reo:</span></p><p class=\"ql-align-justify\"><span style=\"color: rgb(34, 34, 34);\">- Cậu lên chơi đấy à? Thế có ông ở trong xe không? Ồ! Cậu tú lên chơi! Chúng ta ra đón đi, các chị ơi!</span></p><p class=\"ql-align-justify\"><span style=\"color: rgb(34, 34, 34);\">Nói rồi thì, trừ cô Lễ là chưa hiểu phong tục trong nhà nên ngồi lại, cả lũ kéo nhau xuống. Cô Kiểm, trong tay vẫn có chùm chìa khóa, đi đầu. Cô đến ngay bên xe, và trước khi người thiếu niên xuống xe, đã kính cẩn vái dài một cái.</span></p><p class=\"ql-align-justify\"><span style=\"color: rgb(34, 34, 34);\">- Lạy cậu ạ! Cậu mới lên chơi.</span></p><p class=\"ql-align-justify\"><span style=\"color: rgb(34, 34, 34);\">- Không dám, chào các cô. Ông hiện ở nhà nào bây giờ?</span></p><p class=\"ql-align-justify\"><span style=\"color: rgb(34, 34, 34);\">- Bẩm cậu, quan ông chưa về. Nhưng mà cũng sắp về rồi đấy ạ. Đã có tê-lê-gam báo là trưa hôm nay thì quan ông về.</span></p><p class=\"ql-align-justify\"><span style=\"color: rgb(34, 34, 34);\">Thiếu niên bước xuống xe. Đó là một người nhỏ nhắn, trắng trẻo, rất đẹp giai nhưng chỉ tiếc lỗi lại hơi có vẻ đàn bà. Quần áo tây lịch sự. Nét mặt như đương có sự gì không vui.</span></p><p class=\"ql-align-justify\"><span style=\"color: rgb(34, 34, 34);\">Cô Kiểm đon đả:</span></p><p class=\"ql-align-justify\"><span style=\"color: rgb(34, 34, 34);\">- Xin mời cậu Tú sang bên tòa nhà trái này kia ạ.</span></p><p class=\"ql-align-justify\"><span style=\"color: rgb(34, 34, 34);\">Thiếu niên lừ lừ theo. Đến phòng khách quay lại nói với cô Kiểm:</span></p><p class=\"ql-align-justify\"><span style=\"color: rgb(34, 34, 34);\">- Cô để tôi ngồi một mình. Không ai phải tiếp tôi cả.</span></p><p class=\"ql-align-justify\"><span style=\"color: rgb(34, 34, 34);\">- Bẩm để liệu mời cậu xơi cơm trưa với quan ông chứ? Thế...</span></p><p class=\"ql-align-justify\"><span style=\"color: rgb(34, 34, 34);\">Một câu đáp gắt gỏng cắt lời đon đả ấy:</span></p><p class=\"ql-align-justify\"><span style=\"color: rgb(34, 34, 34);\">- Vâng!</span></p><p class=\"ql-align-justify\"><span style=\"color: rgb(34, 34, 34);\">Cô Kiểm và cả bọn bẽn lẽn kéo nhau vào một phòng còn thiếu niên vào ngồi ở phòng khách, lấy ở túi áo một tờ báo Lưỡng kỳ ra, cắm mặt xuống xem, không biết lượt này đã là lượt thứ mấy.</span></p><p class=\"ql-align-justify\"><span style=\"color: rgb(34, 34, 34);\">THỜI SỰ CÁC TỈNH</span></p><p class=\"ql-align-justify\"><span style=\"color: rgb(34, 34, 34);\">Phải chăng là một vụ cưỡng dâm?</span></p><p class=\"ql-align-justify\"><span style=\"color: rgb(34, 34, 34);\">báo thì Thị M. con gái ông đồ, đêm ấy đi gặt rạ cùng với mấy người làng, đã bị nhà tai to mặt lớn (?) kia gọi đến chỗ xe hơi hòm của ông, rồi Thị bị cưỡng dâm. Sau cuộc cẩu hợp, con dê già kia vứt cho cô bé đáng thương, năm cái giấy bạc một đồng ý chừng đền bù cho cả một cuộc đời bị làm hại. Cô bé lúc ấy vì ngộ phải gió độc nên đã ốm trầm trọng. Tuần tráng nghe thấy tiếng kêu rên, chạy ra toan bắt, song con dê già phóng xe đi thẳng! Thật là một việc rất dã man. Nghe đâu con dê già kia sẽ chẳng bao lâu bị truy tố trước pháp luật, vì tuần tráng có trông thấy số xe. Bản báo chờ cuộc điều tra của nhà chức trách sẽ nêu lên đây cái tên tuổi đáng lưu truyền sử xanh của con dê già ấy. Hiện gờ cô bé bị hiếp đã được điều dưỡng tại nhà thương. Và được tin gì bản báo sẽ đăng tiếp.</span></p><p class=\"ql-align-justify\"><span style=\"color: rgb(34, 34, 34);\">Đọc xong, thiếu niên lấy khăn tay ra lau mấy giọt mồ hôi trên trán. Vừa lúc ấy, lại thấy tiếng còi xe hơi vang động lên. Thiếu niên vội cất tờ báo vào túi áo, đứng lên chắp tay sau lưng lão Tạ Đình Hách xuống xe bước vào nhà...</span></p><p class=\"ql-align-justify\"><span style=\"color: rgb(34, 34, 34);\">- Ồ, Anh đấy à? Anh ơi, thầy mong nhớ mày quá! Mày lên đây chơi thì ở cho lâu nhé! Thế nào, cái trường tư của mày có đông học trò không? Độ này mày có nhận được thư của đẻ mày không? Mày có xuống Hải Phòng đấy không? Giời ơi, tao sướng quá! Tao vừa đi Hà Nội, và có lại tìm</span></p><p class=\"ql-align-justify\"><span style=\"color: rgb(34, 34, 34);\">mày mấy lượt đều không gặp. Thế mày ở đây nghỉ vài hôm nhé!</span></p><p class=\"ql-align-justify\"><span style=\"color: rgb(34, 34, 34);\">- Không! Thưa ông, tôi không phải lên đây để chơi...</span></p><p class=\"ql-align-justify\"><span style=\"color: rgb(34, 34, 34);\">Cha thấy con lãnh đạm như vậy thì đứng tưng hửng. Mãi một lúc mới hỏi:</span></p><p class=\"ql-align-justify\"><span style=\"color: rgb(34, 34, 34);\">- Thế mày lên có việc gì?</span></p><p class=\"ql-align-justify\"><span style=\"color: rgb(34, 34, 34);\">Con rút tờ báo, lạnh lùng giơ cho cha:</span></p><p class=\"ql-align-justify\"><span style=\"color: rgb(34, 34, 34);\">- Xin ông hãy đọc xem người ta nói gì ông đây!</span></p><p class=\"ql-align-justify\"><span style=\"color: rgb(34, 34, 34);\">Lão Hách chỉ đọc ba phút đã vứt tờ báo xuống đất, ra ý giận dữ:</span></p><p class=\"ql-align-justify\"><span style=\"color: rgb(34, 34, 34);\">- Những thằng làm báo là những thằng nói láo! Mày mà cũng đi tin...</span></p><p class=\"ql-align-justify\"><span style=\"color: rgb(34, 34, 34);\">Nhưng người con lão giơ tay ngăn và bình tĩnh nói một cách đáng sợ:</span></p><p class=\"ql-align-justify\"><span style=\"color: rgb(34, 34, 34);\">- Không, thưa ông! Người ta đã nói thật! Là vì ngoài cuộc điều tra của nhà báo, còn có cuộc điều tra của tôi, thằng con ông! Sau cái việc bậy bạ ấy, ông còn phái con đào Lan về, toan hối lộ lão huyện, nhưng mà ông đã thất bại. Ông có biết rằng nhiều người thù oán ông lắm rồi không? Ông muốn từ tôi thì xin cứ từ, nhưng mà để cho tôi nói vài lời đã! Tôi đã đến lúc không nín được rồi.</span></p><p class=\"ql-align-justify\"><span style=\"color: rgb(34, 34, 34);\">- Không! Tao chẳng hiếp ai, cưỡng ai. Lúc xe ăng ban(1)</span></p><p class=\"ql-align-justify\"><span style=\"color: rgb(34, 34, 34);\">tao buồn, gọi nó lại... Tao đã trả nó 5 đồng.</span></p><p class=\"ql-align-justify\"><span style=\"color: rgb(34, 34, 34);\">-... Thưa ông nó đã được giấy nhận thực bị ông làm mất tân.</span></p><p class=\"ql-align-justify\"><span style=\"color: rgb(34, 34, 34);\">- Thật quả tao không ngờ nó lại là con gái tân...</span></p><p class=\"ql-align-justify\"><span style=\"color: rgb(34, 34, 34);\">- Thưa ông, ông là cha tôi, điều đó lúc nào tôi cũng nhớ lắm. Tôi chịu ơn ông đã nhiều lắm, nhưng mà ông đã làm nhiều điều bỉ ổi lắm. Ông đẻ ra tôi thì ông có quyền cho tôi sống hoặc bắt tôi chết... Thưa ông, xin ông cho tôi chết. Ông giết tôi đi.</span></p><p class=\"ql-align-justify\"><span style=\"color: rgb(34, 34, 34);\">Nhà đại phú cúi đầu hổ thẹn hồi lâu... Sau cùng ngẩng lên, cái mặt vẫn trân trân..</span></p><p class=\"ql-align-justify\"><span style=\"color: rgb(34, 34, 34);\">- Ô hay! Sao mày dở hơi thế? Thì tao mua con bé ấy làm hầu là cùng chứ gì?</span></p><p>&nbsp;</p><p>&nbsp;</p>', 1, 5, 'Cái ấp của nhà triệu phú Tạ Đình Hách thật là đồ sộ nhất tỉnh, đến dinh quan Công sứ cũng không to tát bằng', 2650, 0, 3, '2025-09-17 17:30:52', 1, 0);

-- --------------------------------------------------------

--
-- Table structure for table `ForumComments`
--

CREATE TABLE `ForumComments` (
  `comment_id` int(11) NOT NULL,
  `post_id` int(11) DEFAULT NULL,
  `user_id` int(11) DEFAULT NULL,
  `content` text DEFAULT NULL,
  `created_at` timestamp NOT NULL DEFAULT current_timestamp() ON UPDATE current_timestamp(),
  `total_likes` int(11) DEFAULT 0
) ENGINE=InnoDB DEFAULT CHARSET=utf8mb4 COLLATE=utf8mb4_general_ci;

--
-- Dumping data for table `ForumComments`
--

INSERT INTO `ForumComments` (`comment_id`, `post_id`, `user_id`, `content`, `created_at`, `total_likes`) VALUES
(5, 15, 10, 'thật không?', '2025-09-11 01:42:21', 0),
(6, 14, 10, 'test bình luận', '2025-09-11 12:49:49', 0),
(7, 18, 9, 'Số đỏ được xem là một tác phẩm có nhiều ảnh hưởng lớn đến đời sống xã hội Việt Nam, với nhiều nhân vật và câu nói trong tác phẩm đã đi vào cuộc sống đời thường. Số đỏ cũng đã được dựng thành kịch và phim.', '2025-09-17 01:35:39', 0),
(8, 13, 10, 'Đúng vậy. Đây là một bộ truyện em dịch hoàn toàn ngẫu hứng, cũng là bộ thứ ba em dịch, mà em cũng là tay ngang. Biết tiếng Trung hơn chục năm nhưng cũng từng ấy năm “mù chữ,” nên việc dịch toàn bộ đều nhờ vào khả năng code và quá trình training AI.  ', '2025-10-04 03:13:39', 0);

-- --------------------------------------------------------

--
-- Table structure for table `ForumLikes`
--

CREATE TABLE `ForumLikes` (
  `like_id` int(11) NOT NULL,
  `post_id` int(11) NOT NULL,
  `user_id` int(11) NOT NULL,
  `created_at` timestamp NOT NULL DEFAULT current_timestamp()
) ENGINE=InnoDB DEFAULT CHARSET=utf8mb4 COLLATE=utf8mb4_general_ci;

-- --------------------------------------------------------

--
-- Table structure for table `ForumPosts`
--

CREATE TABLE `ForumPosts` (
  `post_id` int(11) NOT NULL,
  `user_id` int(11) DEFAULT NULL,
  `story_id` int(11) DEFAULT NULL,
  `genre_id` int(11) DEFAULT NULL,
  `title` varchar(255) DEFAULT NULL,
  `content` text DEFAULT NULL,
  `topic_id` int(11) DEFAULT NULL,
  `created_at` timestamp NOT NULL DEFAULT current_timestamp(),
  `hashtag` varchar(255) DEFAULT '#dongvan'
) ENGINE=InnoDB DEFAULT CHARSET=utf8mb4 COLLATE=utf8mb4_general_ci;

--
-- Dumping data for table `ForumPosts`
--

INSERT INTO `ForumPosts` (`post_id`, `user_id`, `story_id`, `genre_id`, `title`, `content`, `topic_id`, `created_at`, `hashtag`) VALUES
(13, 10, NULL, NULL, 'Đại Đạo Triều Thiên - Lý Miêu Nị cùng Cửu', '<p>Đây cũng không hẳn là review, nhưng em muốn chia sẻ sự có duyên của mình với bộ truyện này vừa với t.ư cách là dịch giả vừa với t.ư cách độc giả. Bộ truyện hay, ko cuốn theo kiểu hừng hực bằng các tình tiết hút hồn ( như 1 bộ trọng sinh về chủ đề forex như em đã từng dịch để đọc ), với tình tiết nhẹ nhàng nhưng đủ để người đọc đọc từ chương này đến chương khác. Nó mang lại cảm giác như hồi đọc Đại niết bàn ( Trùng Nhiên thì không thế ). </p><p>Truyện không dài không ngắn với 1.5 triệu chữ ( Trung ) nên đảm bảo anh em sẽ có truyện đọc trong tầm 3 tháng ( cái này phụ thuộc vào tốc độ edit, nếu em có nhiều thời gian để đọc thì chắc chỉ 1 tháng ). Còn sau đây là tâm sự của ông dịch giả là em và ông tác giả ở tận bên Tàu&nbsp;Đang biên tập thì em tình cờ thấy mấy dòng tự sự của tác giả lẫn vào, nên tiện tay biên luôn để anh em đọc. Bộ này, em cảm thấy thực sự rất có duyên. Đây là một bộ truyện em dịch hoàn toàn ngẫu hứng, cũng là bộ thứ ba em dịch, mà em cũng là tay ngang. Biết tiếng Trung hơn chục năm nhưng cũng từng ấy năm “mù chữ,” nên việc dịch toàn bộ đều nhờ vào khả năng code và quá trình training AI.  </p><p>Cũng như tác giả, đây cũng là bộ đầu tiên em dịch hoàn chỉnh, rất phù hợp để em dùng đào tạo AI. Bộ truyện các anh em đang đọc có lẽ là bản dịch thứ 15, 16 của con AI mà em đã huấn luyện. Việc dịch này không phải vì kiếm tiền, mà chỉ đơn giản là em muốn tạo ra một công cụ dịch những dòng truyện đô thị thật hay, để em và mọi người có thêm truyện để đọc.  Thật sự rất có duyên. Em cũng mong sẽ \"vá víu\" được chút vía của tác giả để nhận được sự ủng hộ của anh em độc giả. Rất cảm ơn mọi người đã quan tâm và ghé qua.</p>', 2, '2025-09-10 11:58:07', '#dongvan'),
(14, 10, NULL, NULL, 'Tu Tiên Nông Dân - Hành trình từ phàm nhân', '<p>Đây là một bộ phim hoạt hình tu tiên (donghua Trung Quốc) kể về một người nông dân khiêm nhường trở thành một tu sĩ mạnh mẽ. Mấy bài review trên sub này thường là về sách hoặc sách nói, nhưng mình đã cày hết 124 tập phim hoạt hình này và cực kỳ recommend cho mấy bạn thích thể loại tiên hiệp thăng cấp.</p><p>Nhân vật là điểm nhấn chính của phim, nhân vật chính Hàn Lập có tài năng bình thường nhưng lại dùng trí thông minh và sự xảo quyệt để đánh bại những đối thủ mạnh hơn. Anh ấy là kiểu người tránh đánh nhau, nhưng khi đã đánh thì dùng đủ mọi chiêu trò, mưu kế, và cả những \"chiêu bẩn\" để thắng. Hàn Lập khá dễ gần, không phải là người chính trực tuyệt đối cũng chẳng phải là kẻ xấu xa, chỉ là cố gắng sống sót và làm điều tốt khi có thể. Tuy nhiên mình hơi bực vì anh ấy né tránh chuyện tình cảm và từ chối tất cả những người thầm thương trộm nhớ. Anh ấy hoàn toàn trái ngược với kiểu nhân vật chính trong mấy bộ harem.</p><p>Về phần thăng cấp, mình rất thích sự liền mạch. Trừ vài ngoại lệ, mỗi công cụ hoặc kỹ thuật Hàn Lập sử dụng đều là thứ anh ấy đã có được trên phim ở những cuộc phiêu lưu trước đó. Và đến những tập cuối, anh ấy có cả một kho đồ trong túi đồ của mình, nhiều đến nỗi cả yêu quái lâu năm cũng phải sốc trước sự khéo léo của anh chàng này. Quá trình thăng cấp nhìn chung rất xứng đáng, ngoại trừ một món đồ cheat anh ấy tìm được từ sớm, nhưng nó không hữu ích trong chiến đấu và phim thường cho thấy sự khôn khéo mới là lý do thành công của anh ấy chứ không phải nhờ cheat.</p><p>Tuy nhiên, dù cẩn thận thế nào, Hàn Lập vẫn là nam châm hút cả may mắn và xui xẻo. Dù cố gắng hết sức, anh ấy liên tục rơi vào những tình huống cực kỳ nguy hiểm nhưng lại có phần thưởng rất hậu hĩnh. Với cách xây dựng thế giới khá nhất quán và kỹ lưỡng, mình sẽ không ngạc nhiên nếu sau này họ tiết lộ rằng trời đất đang can thiệp vào anh ấy.</p><p>Về mặt hoạt hình, mình khá ấn tượng với những chi tiết nhỏ trên biểu cảm khuôn mặt và các cảnh đánh nhau của nhân vật. Phong cách hoạt hình 3D ban đầu hơi lạ nhưng càng xem càng thấy hay, và màu sắc tươi sáng cùng bối cảnh đẹp mắt đã tạo nên những cảnh quay tuyệt vời. Nhóm làm phim đã rất tâm huyết khi thể hiện những chi tiết như chuyển động tinh tế của mắt khi nhân vật đang suy nghĩ hoặc những biểu cảm rất nhỏ khi họ nảy ra một ý tưởng thông minh. Trong khi đó, các cảnh chiến đấu nhìn chung mạch lạc và có sự liên tục từ cảnh này sang cảnh khác, ngay cả khi hoạt hình nhân vật chiến đấu nhanh đến mức khó theo dõi. Bộ phim này rõ ràng là một dự án đam mê.</p>', 3, '2025-09-10 12:02:04', '#dongvan'),
(15, 10, NULL, NULL, '10 truyện trinh thám mình từng đọc', '<p><span style=\"color: rgb(0, 29, 53);\">Top 5 truyện trinh thám hay nhất thế giới bao gồm Bộ truyện&nbsp;Sherlock Holmes của Arthur Conan Doyle, Án mạng trên chuyến tàu tốc hành phương Đông và Vụ án mạng trên sông Nile của Agatha Christie, Phía sau nghi can X của Higashino Keigo, và Mật mã Da Vinci của Dan Brown.&nbsp;Các tác phẩm này nổi tiếng nhờ cốt truyện hấp dẫn, khả năng suy luận của thám tử, những bí ẩn bất ngờ và sự phát triển tâm lý nhân vật sâu sắc.&nbsp;</span></p>', 1, '2025-09-10 12:05:33', '#dongvan'),
(17, 10, NULL, NULL, 'Phân tích nhân vật Tiêu Viêm trong Đấu Phá Thương Khung', '<p>Theo mình, nhân vật Tiêu Viêm là hình mẫu điển hình của một người từ thất bại vươn lên. Cách tác giả xây dựng quá trình trưởng thành của Tiêu Viêm rất logic, đặc biệt ở đoạn huấn luyện và những trận đấu lớn. Tuy nhiên, đôi lúc tuyến tình cảm còn hơi gượng ép</p>', 1, '2025-09-16 00:18:38', '#dongvan'),
(18, 10, NULL, NULL, 'Tác phẩm số đỏ - là tác phẩm hay', '<p><em style=\"color: rgb(32, 33, 34);\">Số đỏ</em><span style=\"color: rgb(32, 33, 34);\">&nbsp;là một&nbsp;</span><a href=\"https://vi.wikipedia.org/wiki/Ti%E1%BB%83u_thuy%E1%BA%BFt\" rel=\"noopener noreferrer\" target=\"_blank\" style=\"color: rgb(51, 102, 204);\">tiểu thuyết</a><span style=\"color: rgb(32, 33, 34);\">&nbsp;văn học của nhà văn&nbsp;</span><a href=\"https://vi.wikipedia.org/wiki/V%C5%A9_Tr%E1%BB%8Dng_Ph%E1%BB%A5ng\" rel=\"noopener noreferrer\" target=\"_blank\" style=\"color: rgb(51, 102, 204);\">Vũ Trọng Phụng</a><span style=\"color: rgb(32, 33, 34);\">&nbsp;(ông vua phóng sự đất Bắc) đăng trên&nbsp;</span><a href=\"https://vi.wikipedia.org/w/index.php?title=H%C3%A0_N%E1%BB%99i_b%C3%A1o&amp;action=edit&amp;redlink=1\" rel=\"noopener noreferrer\" target=\"_blank\" style=\"color: rgb(191, 60, 44);\">Hà Nội báo</a><span style=\"color: rgb(32, 33, 34);\">&nbsp;từ số 40 ngày 7 tháng 10 năm 1936 và được in thành sách lần đầu vào năm 1938, với 20 chương. Tác phẩm xoay quanh nhân vật chính là Xuân - biệt danh là Xuân Tóc đỏ - từ chỗ là một kẻ bị coi là&nbsp;</span><a href=\"https://vi.wikipedia.org/wiki/T%E1%BA%A7ng_l%E1%BB%9Bp_h%E1%BA%A1_l%C6%B0u\" rel=\"noopener noreferrer\" target=\"_blank\" style=\"color: rgb(51, 102, 204); background-color: initial;\"><em>hạ lưu</em></a><span style=\"color: rgb(32, 33, 34);\">, bỗng chốc đã bước lên tầng lớp&nbsp;</span><em style=\"color: rgb(32, 33, 34);\">danh giá</em><span style=\"color: rgb(32, 33, 34);\">&nbsp;của xã hội nhờ trào lưu&nbsp;</span><em style=\"color: rgb(32, 33, 34);\">Âu hóa</em><span style=\"color: rgb(32, 33, 34);\">&nbsp;của giới&nbsp;</span><a href=\"https://vi.wikipedia.org/wiki/Ti%E1%BB%83u_t%C6%B0_s%E1%BA%A3n\" rel=\"noopener noreferrer\" target=\"_blank\" style=\"color: rgb(51, 102, 204);\">tiểu tư sản</a><span style=\"color: rgb(32, 33, 34);\">&nbsp;</span><a href=\"https://vi.wikipedia.org/wiki/H%C3%A0_N%E1%BB%99i\" rel=\"noopener noreferrer\" target=\"_blank\" style=\"color: rgb(51, 102, 204);\">Hà Nội</a><span style=\"color: rgb(32, 33, 34);\">&nbsp;khi đó. Tác phẩm&nbsp;</span><em style=\"color: rgb(32, 33, 34);\">Số đỏ</em><span style=\"color: rgb(32, 33, 34);\">, cũng như các tác phẩm khác của Vũ Trọng Phụng đã từng bị cấm lưu hành tại&nbsp;</span><a href=\"https://vi.wikipedia.org/wiki/Vi%E1%BB%87t_Nam_D%C3%A2n_ch%E1%BB%A7_C%E1%BB%99ng_h%C3%B2a\" rel=\"noopener noreferrer\" target=\"_blank\" style=\"color: rgb(51, 102, 204);\">Việt Nam Dân chủ Cộng hòa</a><span style=\"color: rgb(32, 33, 34);\">&nbsp;trước năm 1975 cũng như tại Việt Nam sau&nbsp;</span><a href=\"https://vi.wikipedia.org/wiki/S%E1%BB%B1_ki%E1%BB%87n_30_th%C3%A1ng_4_n%C4%83m_1975\" rel=\"noopener noreferrer\" target=\"_blank\" style=\"color: rgb(51, 102, 204);\">ngày thống nhất</a><span style=\"color: rgb(32, 33, 34);\">&nbsp;từ năm 1975 cho đến năm 1986.</span><a href=\"https://vi.wikipedia.org/wiki/S%E1%BB%91_%C4%91%E1%BB%8F#cite_note-dumb_luck-1\" rel=\"noopener noreferrer\" target=\"_blank\" style=\"color: rgb(51, 102, 204); background-color: initial;\"><sup>[1]</sup></a><span style=\"color: rgb(32, 33, 34);\">&nbsp;Cho đến nay,&nbsp;</span><em style=\"color: rgb(32, 33, 34);\">Số đỏ</em><span style=\"color: rgb(32, 33, 34);\">&nbsp;đã được tái xuất bản và được phê duyệt ở&nbsp;</span><a href=\"https://vi.wikipedia.org/wiki/Vi%E1%BB%87t_Nam\" rel=\"noopener noreferrer\" target=\"_blank\" style=\"color: rgb(51, 102, 204);\">Việt Nam</a><span style=\"color: rgb(32, 33, 34);\">. Đồng thời một đoạn trích của tác phẩm này cũng được đưa vào chương trình Ngữ văn lớp 12 (sách giáo khoa Ngữ Văn 12, chương trình mới, tập 1) với tên gọi:&nbsp;</span><em style=\"color: rgb(32, 33, 34);\">Xuân Tóc Đỏ cứu quốc (Nhan đề văn bản là một phần tên của chương XX trong tiểu thuyết Số đỏ: Xuân Tóc Đỏ cứu quốc - Xuân Tóc Đỏ vĩ nhân - Nỗi buồn của ông bố vợ không bị đấm.)</em></p>', 1, '2025-09-17 01:34:11', '#dongvan');

-- --------------------------------------------------------

--
-- Table structure for table `Genres`
--

CREATE TABLE `Genres` (
  `genre_id` int(11) NOT NULL,
  `name` varchar(255) DEFAULT NULL,
  `description` text DEFAULT NULL
) ENGINE=InnoDB DEFAULT CHARSET=utf8mb4 COLLATE=utf8mb4_general_ci;

--
-- Dumping data for table `Genres`
--

INSERT INTO `Genres` (`genre_id`, `name`, `description`) VALUES
(1, 'Linh dị', 'Truyện tập trung vào các mối quan hệ tình cảm lãng mạn, với những diễn biến tâm lý, tình tiết ngọt ngào hoặc trắc trở của các nhân vật chính.'),
(2, 'Trinh thám', 'Một loại hình văn học tập trung vào việc giải quyết vụ án bí ẩn, tội phạm thông qua quá trình điều tra, suy luận logic của nhân vật chính, thường là thám tử, để vạch trần chân tướng và hung thủ.'),
(3, 'Lịch sử', 'Truyện lịch sử là loại truyện lấy đề tài lịch sử (lịch sử quốc gia, dân tộc, dòng họ, danh nhân ...) làm nội dung chính. Truyện lịch sử thường làm sống dậy bức tranh sinh động về một thời đã qua và mang lạinhững nhận thức mới mẻ hay bài học sâu sắc.'),
(4, 'Ngôn tình', 'Truyện ngôn tình là thể loại tiểu thuyết lãng mạn bắt nguồn từ Trung Quốc, tập trung vào chuyện tình yêu đôi lứa giữa nam và nữ, với văn phong giàu cảm xúc và nhiều tình tiết lãng mạn, đôi khi kịch tính nhưng thường có kết thúc tốt đẹp. Từ \"ngôn tình\" ghép lại từ \"ngôn\" (lời nói, ngôn ngữ) và \"tình\" (tình yêu, tình cảm), phản ánh bản chất của thể loại là những câu chuyện xoay quanh tình yêu. '),
(5, 'Truyện ngắn', 'Truyện ngắn là một thể loại văn học. Nó thường là các câu chuyện kể bằng văn xuôi và có xu hướng ngắn gọn, súc tích và hàm nghĩa hơn các câu truyện dài như tiểu thuyết. Thông thường truyện ngắn có độ dài chỉ từ vài dòng đến vài chục trang, trong khi đó tiểu thuyết rất khó dừng lại ở con số đó.'),
(6, 'Thơ', 'Truyện thơ là một thể loại văn học độc đáo, kết hợp giữa ngôn ngữ thơ và yếu tố truyện. Nó tạo điểm nhấn bằng việc sử dụng các thiết kế ngôn ngữ và cấu trúc thơ để kể một câu chuyện, thể hiện một ý tưởng hoặc truyền đạt một thông điệp.'),
(7, 'Huyền ảo', 'Thể loại truyện huyền ảo, hay Chủ nghĩa Hiện thực Huyền ảo (Magical Realism), là một thể loại văn học kết hợp các yếu tố kỳ ảo, siêu nhiên vào một bối cảnh hoàn toàn đời thực, với giọng kể tự nhiên và không giải thích về những điều kỳ lạ xảy ra. Điểm khác biệt chính so với thể loại kỳ ảo thông thường là chủ nghĩa hiện thực huyền ảo lấy bối cảnh thế giới thực, trong khi thể loại kỳ ảo thường diễn ra trong những thế giới hư cấu. '),
(8, 'Viễn tưởng', 'Thể loại truyện viễn tưởng là những tác phẩm hư cấu, thường là truyện hoặc tiểu thuyết, sử dụng các yếu tố khoa học và công nghệ tiên tiến (thực tế hoặc tưởng tượng) để xây dựng hình tượng và cốt truyện, khám phá các viễn cảnh, công nghệ hoặc hậu quả trong tương lai hoặc các thế giới giả định khác. Nó bao gồm các chủ đề như du hành vũ trụ, du hành thời gian, robot, trí tuệ nhân tạo, sự sống ngoài hành tinh, và thao tác di truyền. '),
(9, 'Cổ đại', 'Thể loại truyện \"cổ đại\" thường ám chỉ các câu chuyện thuộc văn học dân gian như truyện cổ tích, thần thoại, và truyền thuyết, được truyền miệng qua nhiều thế hệ trong quá khứ xa xưa, hoặc các tác phẩm văn học hiện đại mô phỏng bối cảnh và văn hóa của các thời đại phong kiến, đế quốc. Mục đích của những truyện này là giải thích thế giới, phản ánh ước mơ về công lý và sự tốt đẹp, hoặc ca ngợi những nhân vật lịch sử anh hùng.'),
(10, 'Hiện thực', 'Thể loại truyện hiện thực là một phương pháp sáng tác và trào lưu văn học nhằm phản ánh chân thực đời sống xã hội, tập trung vào việc miêu tả chi tiết, cụ thể về con người, sự kiện và môi trường xung quanh. Nét đặc trưng của thể loại này là tính điển hình hóa nhân vật, xây dựng nhân vật phản ánh rõ nét đặc điểm chung của một nhóm người hoặc giai cấp, và thường mang tinh thần phê phán, phân tích các khía cạnh tiêu cực của xã hội đương thời như bất công, thối nát. '),
(11, 'Tản văn', 'Tản văn là loại văn xuôi ngắn gọn, hàm súc, có thể trữ tình hoặc không, tự sự, nghị luận, miêu tả phong cảnh, khắc họa nhân vật. Lối thể hiện đời sống của tản văn mang tính chất chấm phá, không nhất thiết đòi hỏi có cốt truyện phức tạp, nhân vật hoàn chỉnh nhưng có cấu trúc độc đáo, có giọng điệu, cốt cách cá nhân.');

-- --------------------------------------------------------

--
-- Table structure for table `ReadLogs`
--

CREATE TABLE `ReadLogs` (
  `read_id` int(11) NOT NULL,
  `user_id` int(11) DEFAULT NULL,
  `chapter_id` int(11) DEFAULT NULL
) ENGINE=InnoDB DEFAULT CHARSET=utf8mb4 COLLATE=utf8mb4_general_ci;

-- --------------------------------------------------------

--
-- Table structure for table `RequestsTransactions`
--

CREATE TABLE `RequestsTransactions` (
  `id` int(11) NOT NULL,
  `user_id` int(11) NOT NULL,
  `amount` decimal(15,2) NOT NULL,
  `coin` int(11) NOT NULL,
  `created_at` timestamp NOT NULL DEFAULT current_timestamp(),
  `is_duyet` tinyint(1) DEFAULT 0
) ENGINE=InnoDB DEFAULT CHARSET=utf8mb4 COLLATE=utf8mb4_general_ci;

--
-- Dumping data for table `RequestsTransactions`
--

INSERT INTO `RequestsTransactions` (`id`, `user_id`, `amount`, `coin`, `created_at`, `is_duyet`) VALUES
(4, 10, 20000.00, 200, '2025-10-03 23:52:45', 0),
(5, 10, 20000.00, 200, '2025-10-04 00:25:03', 0),
(6, 10, 10000.00, 100, '2025-10-04 00:26:50', 0),
(7, 10, 10000.00, 100, '2025-10-04 00:33:47', 0),
(8, 10, 10000.00, 100, '2025-10-04 00:34:13', 0),
(9, 10, 10000.00, 100, '2025-10-04 00:34:44', 0),
(10, 10, 50000.00, 550, '2025-10-04 00:38:25', 0),
(11, 10, 50000.00, 550, '2025-10-04 00:39:28', 0),
(12, 10, 50000.00, 550, '2025-10-04 00:39:44', 0),
(13, 10, 50000.00, 550, '2025-10-04 00:40:27', 0),
(14, 10, 50000.00, 550, '2025-10-04 00:41:03', 0),
(15, 10, 50000.00, 550, '2025-10-04 00:41:18', 0),
(16, 10, 50000.00, 550, '2025-10-04 00:41:28', 1),
(17, 10, 50000.00, 550, '2025-10-04 00:41:53', 0),
(18, 10, 50000.00, 550, '2025-10-04 00:43:12', 0),
(19, 10, 50000.00, 550, '2025-10-04 00:43:59', 0),
(20, 10, 50000.00, 550, '2025-10-04 00:44:05', 1),
(21, 10, 50000.00, 550, '2025-10-04 00:44:37', 1),
(22, 10, 50000.00, 550, '2025-10-04 00:45:52', 1),
(23, 10, 50000.00, 550, '2025-10-04 00:46:23', 1),
(24, 10, 50000.00, 550, '2025-10-04 00:47:27', 1),
(25, 10, 50000.00, 550, '2025-10-04 00:49:37', 1),
(26, 10, 50000.00, 550, '2025-10-04 00:50:13', 1);

-- --------------------------------------------------------

--
-- Table structure for table `Stories`
--

CREATE TABLE `Stories` (
  `story_id` int(11) NOT NULL,
  `title` varchar(255) DEFAULT NULL,
  `description` text DEFAULT NULL,
  `author_id` int(11) DEFAULT NULL,
  `urlImg` varchar(500) DEFAULT NULL,
  `link_forum` varchar(255) DEFAULT NULL,
  `genres_id` int(10) DEFAULT NULL,
  `create_at` timestamp NOT NULL DEFAULT current_timestamp()
) ENGINE=InnoDB DEFAULT CHARSET=utf8mb4 COLLATE=utf8mb4_general_ci;

--
-- Dumping data for table `Stories`
--

INSERT INTO `Stories` (`story_id`, `title`, `description`, `author_id`, `urlImg`, `link_forum`, `genres_id`, `create_at`) VALUES
(20, 'Cạm Bẫy Người', 'Cạm bẫy người\" là một tác phẩm phóng sự của nhà văn Vũ Trọng Phụng, ra đời năm 1933, nhằm vạch trần và tố cáo tệ nạn cờ bạc bịp lan tràn ở Hà Nội thời bấy giờ. Để thực hiện tác phẩm, Vũ Trọng Phụng đã trực tiếp thâm nhập các sòng bạc, mô tả chi tiết cách thức hoạt động của \"làng bịp\", chân dung của những kẻ cầm đầu và những bi kịch mà họ gây ra cho các gia đình \"tín đồ tôn giáo đỏ đen tiết cách thức hoạt động của \"làng bịp\", chân dung của những kẻ cầm đầu và những bi kịch mà họ gây ra cho các gia đình \"tín đồ tôn giáo đỏ đen ', 11, 'https://res.cloudinary.com/djr4f7ceu/image/upload/v1757504771/stories_covers/ogwdojbwe0glf4n0rffp.jpg', '', 1, '2025-09-10 11:46:12'),
(21, 'Cơm thầy cơm cô', '\"Cơm thầy cơm cô\" là một thiên phóng sự của Vũ Trọng Phụng mô tả thực trạng di dân từ nông thôn ra thành thị dưới thời Pháp thuộc. Tác phẩm phơi bày cuộc sống khổ cực, bị bóc lột, lạm dụng và tệ nạn xã hội mà những người lao động nghèo gặp phải khi tìm đến \"ánh sáng kinh thành\". Thiên phóng sự này được đánh giá là một bức tranh chân thực, sâu sắc về xã hội đương thời, thể hiện tài năng của \"ông vua phóng sự đất Bắc\". ', 10, 'https://res.cloudinary.com/djr4f7ceu/image/upload/v1757505108/stories_covers/r3dxz4bwg1ybvajyqc3u.jpg', '', 1, '2025-09-10 11:51:49'),
(22, 'Giông tố', 'Truyện \"Giông Tố\" của Vũ Trọng Phụng là bức tranh hiện thực phản ánh xã hội Việt Nam những năm 1930, với sự thối nát, giả tạo của tầng lớp thượng lưu và sự bế tắc của tầng lớp dưới đáy xã hội. Tác phẩm phơi bày sự suy đồi đạo đức, sự tha hóa của con người qua các nhân vật tiêu biểu như Nghị Hách, Tú Anh, Long, và các nhân vật ở tầng lớp thấp như dân nghèo, kỹ nữ, khi mà mỗi người đều là nạn nhân hoặc thủ phạm trong một xã hội đầy rẫy bất công. ', 10, 'https://res.cloudinary.com/djr4f7ceu/image/upload/v1757505224/stories_covers/arjju96myeemivjexsug.jpg', '', 1, '2025-09-10 11:53:44'),
(23, 'Kỹ Nghệ Lấy Tây', 'Tác phẩm ra đời năm 1934, phản ánh chân thực cuộc sống xã hội Việt Nam thời Pháp thuộc, nơi Nho giáo suy tàn và làn sóng văn minh phương Tây tràn vào tạo ra nhiều biến đổi văn hóa và xã hội. ', 9, 'https://res.cloudinary.com/djr4f7ceu/image/upload/v1758071874/stories_covers/lpobtjqolnlrikegvywx.jpg', '', 2, '2025-09-17 01:17:55'),
(24, 'Số đỏ', 'Số đỏ là một tiểu thuyết văn học của nhà văn Vũ Trọng Phụng (ông vua phóng sự đất Bắc) đăng trên Hà Nội báo từ số 40 ngày 7 tháng 10 năm 1936 và được in thành sách lần đầu vào năm 1938, với 20 chương. Tác phẩm xoay quanh nhân vật chính là Xuân - biệt danh là Xuân Tóc đỏ - từ chỗ là một kẻ bị coi là hạ lưu, bỗng chốc đã bước lên tầng lớp danh giá của xã hội nhờ trào lưu Âu hóa của giới tiểu tư sản Hà Nội khi đó', 9, 'https://res.cloudinary.com/djr4f7ceu/image/upload/v1758072444/stories_covers/jfb6mm7mfkyv6dm63kg1.jpg', '', 5, '2025-09-17 01:27:25'),
(25, 'Lều chõng', 'Lều chõng là một tiểu thuyết phóng sự của nhà văn Ngô Tất Tố, ra mắt độc giả lần đầu ngày 10 tháng 3 năm 1939 tại Hà Nội.', 10, 'https://res.cloudinary.com/djr4f7ceu/image/upload/v1759544568/stories_covers/k2sasaop7xzouifw60nx.jpg', '', 2, '2025-10-04 02:22:49'),
(26, 'Vỡ đê', 'Tác phẩm \"Vỡ đê\" là một tiểu thuyết xã hội của nhà văn Vũ Trọng Phụng, ra đời năm 1936, được sáng tác cùng thời với \"Số đỏ\" và \"Giông tố\". Tác phẩm phản ánh chân thực hiện thực xã hội Việt Nam dưới ách thực dân, phong kiến, phê phán chính sách thống trị của bọn quan lại và tầng lớp cường hào đã đẩy nông dân vào cảnh lầm than, nghèo khổ', 10, 'https://res.cloudinary.com/djr4f7ceu/image/upload/v1759544660/stories_covers/cynfyowcpvoxvtnateac.png', '', 2, '2025-10-04 02:24:20');

-- --------------------------------------------------------

--
-- Table structure for table `StoryComments`
--

CREATE TABLE `StoryComments` (
  `comment_id` int(11) NOT NULL,
  `story_id` int(11) DEFAULT NULL,
  `user_id` int(11) DEFAULT NULL,
  `content` text DEFAULT NULL,
  `created_at` datetime DEFAULT current_timestamp(),
  `like` int(11) DEFAULT 0
) ENGINE=InnoDB DEFAULT CHARSET=utf8mb4 COLLATE=utf8mb4_general_ci;

--
-- Dumping data for table `StoryComments`
--

INSERT INTO `StoryComments` (`comment_id`, `story_id`, `user_id`, `content`, `created_at`, `like`) VALUES
(24, 20, 10, 'Truyện rất hay, hóng ra chương mới', '2025-09-10 19:36:16', 1),
(25, 21, 10, '', '2025-09-21 10:30:53', 0),
(26, 21, 10, 'Truyện hay', '2025-10-04 09:28:54', 0);

-- --------------------------------------------------------

--
-- Table structure for table `StoryFavorites`
--

CREATE TABLE `StoryFavorites` (
  `favorite_id` int(11) NOT NULL,
  `story_id` int(11) DEFAULT NULL,
  `user_id` int(11) DEFAULT NULL
) ENGINE=InnoDB DEFAULT CHARSET=utf8mb4 COLLATE=utf8mb4_general_ci;

--
-- Dumping data for table `StoryFavorites`
--

INSERT INTO `StoryFavorites` (`favorite_id`, `story_id`, `user_id`) VALUES
(51, 20, 9),
(52, 21, 9),
(53, 23, 9),
(54, 24, 10),
(55, 23, 10),
(57, 20, 10);

-- --------------------------------------------------------

--
-- Table structure for table `StoryGenres`
--

CREATE TABLE `StoryGenres` (
  `story_id` int(11) DEFAULT NULL,
  `genre_id` int(11) DEFAULT NULL
) ENGINE=InnoDB DEFAULT CHARSET=utf8mb4 COLLATE=utf8mb4_general_ci;

-- --------------------------------------------------------

--
-- Table structure for table `StoryRatings`
--

CREATE TABLE `StoryRatings` (
  `id` int(11) NOT NULL,
  `user_id` int(11) NOT NULL,
  `story_id` int(11) NOT NULL,
  `rating` int(11) DEFAULT NULL CHECK (`rating` between 1 and 5),
  `comment` text DEFAULT NULL,
  `created_at` timestamp NOT NULL DEFAULT current_timestamp(),
  `updated_at` timestamp NOT NULL DEFAULT current_timestamp() ON UPDATE current_timestamp()
) ENGINE=InnoDB DEFAULT CHARSET=utf8mb4 COLLATE=utf8mb4_general_ci;

--
-- Dumping data for table `StoryRatings`
--

INSERT INTO `StoryRatings` (`id`, `user_id`, `story_id`, `rating`, `comment`, `created_at`, `updated_at`) VALUES
(1, 10, 20, 5, '\"Mình phải thú thật là đọc phần đầu truyện thấy hơi chậm, nhiều đoạn miêu tả nội tâm khá dài nên có lúc định drop. Nhưng từ chương 20 trở đi thì đúng là một cú bứt phá ngoạn mục! Cốt truyện bắt đầu đan xen nhiều tình tiết bất ngờ, những bí mật quá khứ dần được hé lộ, và đặc biệt là chemistry giữa nam nữ chính ngày càng bùng nổ. Có thể nói tác giả rất giỏi trong việc đẩy cảm xúc lên cao trào đúng lúc. Ngoài ra, các nhân vật phụ cũng rất có cá tính, không bị mờ nhạt như nhiều truyện khác. Rất đáng đọc!\"', '2025-10-01 12:53:52', '2025-10-01 17:18:15'),
(9, 11, 20, 5, 'hay\n', '2025-10-01 13:58:16', '2025-10-01 15:33:29');

-- --------------------------------------------------------

--
-- Table structure for table `StoryRecommendations`
--

CREATE TABLE `StoryRecommendations` (
  `id` int(11) NOT NULL,
  `user_id` int(11) NOT NULL,
  `story_id` int(11) NOT NULL,
  `coins_spent` int(11) DEFAULT 0,
  `created_at` timestamp NOT NULL DEFAULT current_timestamp()
) ENGINE=InnoDB DEFAULT CHARSET=utf8mb4 COLLATE=utf8mb4_general_ci;

--
-- Dumping data for table `StoryRecommendations`
--

INSERT INTO `StoryRecommendations` (`id`, `user_id`, `story_id`, `coins_spent`, `created_at`) VALUES
(1, 10, 20, 70, '2025-10-01 12:58:53'),
(14, 10, 21, 10, '2025-10-04 02:28:31');

-- --------------------------------------------------------

--
-- Table structure for table `SupportRequests`
--

CREATE TABLE `SupportRequests` (
  `id` int(11) NOT NULL,
  `name` varchar(100) NOT NULL,
  `email` varchar(150) NOT NULL,
  `title` varchar(200) NOT NULL,
  `issue` varchar(50) NOT NULL,
  `description` text NOT NULL,
  `file_url` varchar(500) DEFAULT NULL,
  `created_at` timestamp NOT NULL DEFAULT current_timestamp()
) ENGINE=InnoDB DEFAULT CHARSET=utf8mb4 COLLATE=utf8mb4_general_ci;

--
-- Dumping data for table `SupportRequests`
--

INSERT INTO `SupportRequests` (`id`, `name`, `email`, `title`, `issue`, `description`, `file_url`, `created_at`) VALUES
(1, 'minhtq', 'test@gmai.com', '123123', 'other', 'âdadad', 'https://res.cloudinary.com/djr4f7ceu/image/upload/v1759508826/support_files/sxpcdxbbf9cyseudgpfm.jpg', '2025-10-03 16:27:04'),
(2, 'minhtq', 'test@gmai.com', '123123', 'other', 'âdadad', 'https://res.cloudinary.com/djr4f7ceu/image/upload/v1759510358/support_files/xykzjuyfpb11frbaslgm.jpg', '2025-10-03 16:52:37');

-- --------------------------------------------------------

--
-- Table structure for table `TopicCategory`
--

CREATE TABLE `TopicCategory` (
  `topic_id` int(11) NOT NULL,
  `title` varchar(255) NOT NULL
) ENGINE=InnoDB DEFAULT CHARSET=utf8mb4 COLLATE=utf8mb4_general_ci;

--
-- Dumping data for table `TopicCategory`
--

INSERT INTO `TopicCategory` (`topic_id`, `title`) VALUES
(1, 'Luận truyện'),
(2, 'Đề cử và Review truyện'),
(3, 'Nhập môn sáng tác'),
(4, 'Tìm bạn đồng sáng tác'),
(5, 'Thể loại khác'),
(6, 'Hỏi đáp cùng tác giả');

-- --------------------------------------------------------

--
-- Table structure for table `TransactionHistory`
--

CREATE TABLE `TransactionHistory` (
  `id` int(11) NOT NULL,
  `user_id` int(11) NOT NULL,
  `type` varchar(50) DEFAULT NULL,
  `amount` decimal(10,2) DEFAULT NULL,
  `direction` enum('IN','OUT') NOT NULL,
  `status` varchar(20) DEFAULT NULL,
  `description` text DEFAULT NULL,
  `created_at` timestamp NOT NULL DEFAULT current_timestamp()
) ENGINE=InnoDB DEFAULT CHARSET=utf8mb4 COLLATE=utf8mb4_general_ci;

--
-- Dumping data for table `TransactionHistory`
--

INSERT INTO `TransactionHistory` (`id`, `user_id`, `type`, `amount`, `direction`, `status`, `description`, `created_at`) VALUES
(2, 10, 'SUPPORT', 30.00, 'OUT', 'Thành công', 'Ủng hộ 30 coin cho user_id 10 - Rất hay', '2025-10-03 02:46:32'),
(3, 10, 'SUPPORT', 30.00, 'IN', 'Thành công', 'Nhận 30 coin từ user_id 10 - Rất hay', '2025-10-03 02:46:32'),
(4, 10, 'SUPPORT', 10.00, 'OUT', 'Thành công', 'Ủng hộ 10 coin cho user_id 11 - Gửi tặng tác giả, truyện rất hay', '2025-10-03 02:48:21'),
(5, 11, 'SUPPORT', 10.00, 'IN', 'Thành công', 'Nhận 10 coin từ user_id 10 - Gửi tặng tác giả, truyện rất hay', '2025-10-03 02:48:21'),
(7, 10, 'UNLOCK_CHAPTER', 5.00, 'OUT', 'SUCCESS', 'Mở khóa chương 1 của truyện Kỹ Nghệ Lấy Tây', '2025-10-03 03:19:21');

-- --------------------------------------------------------

--
-- Table structure for table `Transactions`
--

CREATE TABLE `Transactions` (
  `transaction_id` int(11) NOT NULL,
  `user_id` int(11) DEFAULT NULL,
  `type` enum('deposit','spend','gift') DEFAULT NULL,
  `amount` int(11) DEFAULT NULL
) ENGINE=InnoDB DEFAULT CHARSET=utf8mb4 COLLATE=utf8mb4_general_ci;

-- --------------------------------------------------------

--
-- Table structure for table `UserChapters`
--

CREATE TABLE `UserChapters` (
  `id` int(11) NOT NULL,
  `user_id` int(11) NOT NULL,
  `story_id` int(11) NOT NULL,
  `chap_number` int(11) NOT NULL,
  `purchased_at` timestamp NOT NULL DEFAULT current_timestamp()
) ENGINE=InnoDB DEFAULT CHARSET=utf8mb4 COLLATE=utf8mb4_general_ci;

--
-- Dumping data for table `UserChapters`
--

INSERT INTO `UserChapters` (`id`, `user_id`, `story_id`, `chap_number`, `purchased_at`) VALUES
(1, 10, 20, 1, '2025-09-28 11:43:57'),
(27, 10, 22, 1, '2025-09-29 16:27:06'),
(28, 10, 22, 2, '2025-09-29 16:27:06'),
(29, 10, 22, 3, '2025-09-29 16:27:06'),
(34, 10, 24, 1, '2025-10-01 09:04:52'),
(35, 10, 20, 2, '2025-10-01 09:38:42'),
(37, 10, 23, 1, '2025-10-03 03:19:21');

-- --------------------------------------------------------

--
-- Table structure for table `UserGift`
--

CREATE TABLE `UserGift` (
  `id` int(11) NOT NULL,
  `sender_id` int(11) NOT NULL,
  `receiver_id` int(11) NOT NULL,
  `coins` int(11) NOT NULL,
  `message` varchar(255) DEFAULT NULL,
  `created_at` timestamp NOT NULL DEFAULT current_timestamp()
) ENGINE=InnoDB DEFAULT CHARSET=utf8mb4 COLLATE=utf8mb4_general_ci;

--
-- Dumping data for table `UserGift`
--

INSERT INTO `UserGift` (`id`, `sender_id`, `receiver_id`, `coins`, `message`, `created_at`) VALUES
(1, 10, 10, 10, 'Gửi tặng tác giả, truyện rất hay', '2025-10-01 15:11:43'),
(2, 10, 10, 10, 'Gửi tặng tác giả, truyện rất hay', '2025-10-01 15:11:57'),
(3, 10, 11, 10, 'Gửi tặng tác giả, truyện rất hay', '2025-10-01 15:15:00'),
(4, 10, 11, 20, 'Gửi tặng tác giả, truyện rất hay', '2025-10-01 15:15:31'),
(5, 10, 11, 10, 'Gửi tặng tác giả, truyện rất hay', '2025-10-01 15:16:10'),
(6, 10, 9, 20, 'Gửi tặng tác giả, truyện rất hay', '2025-10-03 02:32:18'),
(7, 10, 10, 30, 'Rất hay', '2025-10-03 02:46:32'),
(8, 10, 11, 10, 'Gửi tặng tác giả, truyện rất hay', '2025-10-03 02:48:21');

-- --------------------------------------------------------

--
-- Table structure for table `UserReading`
--

CREATE TABLE `UserReading` (
  `id` int(11) NOT NULL,
  `user_id` int(11) NOT NULL,
  `story_id` int(11) NOT NULL,
  `chapter_number` int(11) NOT NULL,
  `last_read_at` datetime DEFAULT current_timestamp()
) ENGINE=InnoDB DEFAULT CHARSET=utf8mb4 COLLATE=utf8mb4_general_ci;

--
-- Dumping data for table `UserReading`
--

INSERT INTO `UserReading` (`id`, `user_id`, `story_id`, `chapter_number`, `last_read_at`) VALUES
(1, 10, 20, 1, '2025-10-03 07:57:44'),
(4, 10, 21, 1, '2025-10-04 09:44:12'),
(15, 9, 21, 1, '2025-10-04 08:09:02'),
(16, 9, 20, 2, '2025-10-03 08:09:15'),
(17, 9, 23, 1, '2025-09-22 09:05:17'),
(18, 10, 24, 1, '2025-10-01 16:47:58'),
(53, 9, 24, 2, '2025-09-21 10:49:38'),
(54, 10, 22, 3, '2025-10-04 09:57:10'),
(58, 10, 23, 1, '2025-10-04 10:10:30');

-- --------------------------------------------------------

--
-- Table structure for table `Users`
--

CREATE TABLE `Users` (
  `user_id` int(11) NOT NULL,
  `username` varchar(255) DEFAULT NULL,
  `email` varchar(255) DEFAULT NULL,
  `password_hash` varchar(255) DEFAULT NULL,
  `provider` enum('local','google','facebook') DEFAULT 'local',
  `provider_uid` varchar(255) DEFAULT NULL,
  `role` enum('master_admin','content_admin','user') DEFAULT 'user',
  `coin_balance` int(11) DEFAULT 0,
  `link_thumbnail` varchar(255) DEFAULT NULL,
  `created_at` timestamp NOT NULL DEFAULT current_timestamp(),
  `gender` enum('male','female','other') DEFAULT 'other',
  `user_description` text DEFAULT NULL,
  `phone_number` varchar(20) DEFAULT NULL
) ENGINE=InnoDB DEFAULT CHARSET=utf8mb4 COLLATE=utf8mb4_general_ci;

--
-- Dumping data for table `Users`
--

INSERT INTO `Users` (`user_id`, `username`, `email`, `password_hash`, `provider`, `provider_uid`, `role`, `coin_balance`, `link_thumbnail`, `created_at`, `gender`, `user_description`, `phone_number`) VALUES
(1, 'minh', 'minh@example.com', '$2b$10$.w0PmBD7cLKdBdArdYkrKeN4o5bMskTm5de3.9ScYL9QamvY.LvTK', 'local', NULL, 'user', 200, 'https://cdn-icons-png.freepik.com/512/8428/8428718.png', '2025-08-25 14:40:57', 'other', NULL, NULL),
(2, 'Nguyễn Văn Tuấn', 'nguyenvantuan@example.com', '$2b$10$NAKGHui2Ik1QMCTH03iMAOdAxIF8/yzxxyE6yvPD3c/UY.QusBvaK', 'local', NULL, 'user', 0, 'https://cdn-icons-png.freepik.com/512/3607/3607444.png', '2025-08-25 14:40:57', 'other', NULL, NULL),
(3, 'Nguyễn Văn Tuấn', 'nguyenvantuan@gmail.com', '$2b$10$WZUkdvnbUCKXxguJxtHKte5BTATvs/gdLEEq/KyiTwHtUZocCOi0G', 'local', NULL, 'user', 0, 'https://cdn-icons-png.freepik.com/512/3607/3607444.png', '2025-08-25 14:44:50', 'other', NULL, NULL),
(4, 'Nguyễn Văn Tuấn', 'nguyenvantua12n@gmail.com', '$2b$10$5HP5XkiHSy43gsbRE3i78On7FcQBBxwsx5HD/fELtaATeGgz7oUFS', 'local', NULL, 'user', 0, 'https://cdn-icons-png.freepik.com/512/3607/3607444.png', '2025-08-25 17:52:24', 'other', NULL, NULL),
(5, 'minh', 'minh@gmail.com', '$2b$10$Joq2/frbxGMdayYzjRFOkuJjKvdbL.AqJvTtZd9LO8tesQgtpdujG', 'local', NULL, 'user', 0, 'https://cdn-icons-png.freepik.com/512/3607/3607444.png', '2025-08-25 17:54:36', 'other', NULL, NULL),
(6, 'minhtq', 'minhtq@gmail.com', '$2b$10$ZUgseN6NRHsbhmzvFezgeu1iyZt7QNinPJ9pPjZyQoKKqLR9/2hwy', 'local', NULL, 'user', 0, 'https://cdn-icons-png.freepik.com/512/3607/3607444.png', '2025-08-25 17:54:59', 'other', NULL, NULL),
(7, 'test', 'test@gmail.com', '$2b$10$nXc1yn.2mWRD5Y53Z7OAO.0/YPgnu9c7vwggAvYt9q1sWvx2jtouG', 'local', NULL, 'user', 0, 'https://cdn-icons-png.freepik.com/512/3607/3607444.png', '2025-08-25 17:55:52', 'other', NULL, NULL),
(8, 'minhtq', 'minhtq.dev12@gmail.com', '$2b$10$QEWYiKgOuinB6szkIXhyuO8StqPs39lYwaEdYnfucE05PMg61eGz6', 'local', NULL, 'user', 0, 'https://cdn-icons-png.freepik.com/512/3607/3607444.png', '2025-08-25 18:02:10', 'other', NULL, NULL),
(9, 'minhtq.dev', 'minhtq.dev123@gmail.com', '$2b$10$AxwDo.zgzBaBBoSunmQGfeYf2dsrEa1tdHc2EnhmhTlnk5jfvgqnq', 'local', NULL, 'user', 216, 'https://cdn-icons-png.freepik.com/512/3607/3607444.png', '2025-08-25 18:08:59', 'other', NULL, '0965727838'),
(10, 'minhtq12', 'minhtq.dev@gmail.com', '$2b$10$gcdctgRzZCJ/vArbrIO2NOm0x7z/HXZzfyi2oJCXn3xrMCEFY22sy', 'local', NULL, 'master_admin', 1330, 'https://cdn-icons-png.freepik.com/512/3607/3607444.png', '2025-08-25 18:09:59', 'other', NULL, '0965727838'),
(11, 'minhtq1711', 'ab@gmail.com', '$2b$10$8bZtBOwuEu8wc.nrfE6nbuyP/7zfkzzhda.qC6GpdWAsvjkGHIPyq', 'local', NULL, 'user', 50, 'https://cdn-icons-png.freepik.com/512/3607/3607444.png', '2025-08-25 18:17:05', 'other', NULL, NULL),
(12, 'ababab', 'ababab@gmail.com', '$2b$10$6kRfJo6/XRdLcyzm4AcuJOSha6yNTZesBYoE0VyCJcOengsTopul6', 'local', NULL, 'user', 0, 'https://cdn-icons-png.freepik.com/512/3607/3607444.png', '2025-08-25 18:18:34', 'other', NULL, NULL),
(13, '123', '123@gmail.com', '$2b$10$MbWHJNPtednSPODBb.w8Y.4u.F/J8PSao8ajIhD8f1ej1duPkGUQO', 'local', NULL, 'user', 0, 'https://cdn-icons-png.freepik.com/512/3607/3607444.png', '2025-08-25 18:19:57', 'other', NULL, NULL),
(14, 'minh123', 'minh1@gmail.com', '$2b$10$KMmEXSKn18WduYJfw8lD1.32TDvfbDadPYPp89zFX3caszdtYDmQu', 'local', NULL, 'user', 0, 'https://cdn-icons-png.freepik.com/512/3607/3607444.png', '2025-08-25 18:21:12', 'other', NULL, NULL),
(15, '123', '123123@gmail.com', '$2b$10$x73Ihun.d000KEFQaGH9y.0z.TfKdiLuxo1KRXFfTxZd5bg/2vRky', 'local', NULL, 'user', 0, 'https://cdn-icons-png.freepik.com/512/3607/3607444.png', '2025-08-25 18:27:59', 'other', NULL, NULL);

-- --------------------------------------------------------

--
-- Table structure for table `UserStories`
--

CREATE TABLE `UserStories` (
  `user_story_id` int(11) NOT NULL,
  `user_id` int(11) DEFAULT NULL,
  `story_id` int(11) DEFAULT NULL,
  `status` enum('reading','favorite','authored') DEFAULT NULL,
  `last_chapter_id` int(11) DEFAULT NULL
) ENGINE=InnoDB DEFAULT CHARSET=utf8mb4 COLLATE=utf8mb4_general_ci;

--
-- Indexes for dumped tables
--

--
-- Indexes for table `ChapterReads`
--
ALTER TABLE `ChapterReads`
  ADD PRIMARY KEY (`id`),
  ADD UNIQUE KEY `unique_read` (`story_id`,`chap_number`,`user_id`);

--
-- Indexes for table `Chapters`
--
ALTER TABLE `Chapters`
  ADD PRIMARY KEY (`chapter_id`),
  ADD UNIQUE KEY `unique_story_chap` (`story_id`,`chap_number`);

--
-- Indexes for table `ForumComments`
--
ALTER TABLE `ForumComments`
  ADD PRIMARY KEY (`comment_id`),
  ADD KEY `post_id` (`post_id`),
  ADD KEY `user_id` (`user_id`);

--
-- Indexes for table `ForumLikes`
--
ALTER TABLE `ForumLikes`
  ADD PRIMARY KEY (`like_id`),
  ADD KEY `fk_like_post` (`post_id`),
  ADD KEY `fk_like_user` (`user_id`);

--
-- Indexes for table `ForumPosts`
--
ALTER TABLE `ForumPosts`
  ADD PRIMARY KEY (`post_id`),
  ADD KEY `user_id` (`user_id`),
  ADD KEY `story_id` (`story_id`),
  ADD KEY `genre_id` (`genre_id`);

--
-- Indexes for table `Genres`
--
ALTER TABLE `Genres`
  ADD PRIMARY KEY (`genre_id`);

--
-- Indexes for table `ReadLogs`
--
ALTER TABLE `ReadLogs`
  ADD PRIMARY KEY (`read_id`),
  ADD KEY `user_id` (`user_id`),
  ADD KEY `chapter_id` (`chapter_id`);

--
-- Indexes for table `RequestsTransactions`
--
ALTER TABLE `RequestsTransactions`
  ADD PRIMARY KEY (`id`),
  ADD KEY `fk_user` (`user_id`);

--
-- Indexes for table `Stories`
--
ALTER TABLE `Stories`
  ADD PRIMARY KEY (`story_id`),
  ADD KEY `author_id` (`author_id`);

--
-- Indexes for table `StoryComments`
--
ALTER TABLE `StoryComments`
  ADD PRIMARY KEY (`comment_id`),
  ADD KEY `story_id` (`story_id`),
  ADD KEY `user_id` (`user_id`);

--
-- Indexes for table `StoryFavorites`
--
ALTER TABLE `StoryFavorites`
  ADD PRIMARY KEY (`favorite_id`),
  ADD KEY `story_id` (`story_id`),
  ADD KEY `user_id` (`user_id`);

--
-- Indexes for table `StoryGenres`
--
ALTER TABLE `StoryGenres`
  ADD KEY `story_id` (`story_id`),
  ADD KEY `genre_id` (`genre_id`);

--
-- Indexes for table `StoryRatings`
--
ALTER TABLE `StoryRatings`
  ADD PRIMARY KEY (`id`),
  ADD UNIQUE KEY `user_id` (`user_id`,`story_id`),
  ADD KEY `story_id` (`story_id`);

--
-- Indexes for table `StoryRecommendations`
--
ALTER TABLE `StoryRecommendations`
  ADD PRIMARY KEY (`id`),
  ADD UNIQUE KEY `user_id` (`user_id`,`story_id`),
  ADD KEY `story_id` (`story_id`);

--
-- Indexes for table `SupportRequests`
--
ALTER TABLE `SupportRequests`
  ADD PRIMARY KEY (`id`);

--
-- Indexes for table `TopicCategory`
--
ALTER TABLE `TopicCategory`
  ADD PRIMARY KEY (`topic_id`);

--
-- Indexes for table `TransactionHistory`
--
ALTER TABLE `TransactionHistory`
  ADD PRIMARY KEY (`id`),
  ADD KEY `user_id` (`user_id`);

--
-- Indexes for table `Transactions`
--
ALTER TABLE `Transactions`
  ADD PRIMARY KEY (`transaction_id`),
  ADD KEY `user_id` (`user_id`);

--
-- Indexes for table `UserChapters`
--
ALTER TABLE `UserChapters`
  ADD PRIMARY KEY (`id`),
  ADD UNIQUE KEY `user_id` (`user_id`,`story_id`,`chap_number`);

--
-- Indexes for table `UserGift`
--
ALTER TABLE `UserGift`
  ADD PRIMARY KEY (`id`),
  ADD KEY `sender_id` (`sender_id`),
  ADD KEY `receiver_id` (`receiver_id`);

--
-- Indexes for table `UserReading`
--
ALTER TABLE `UserReading`
  ADD PRIMARY KEY (`id`),
  ADD UNIQUE KEY `uniq_user_story` (`user_id`,`story_id`);

--
-- Indexes for table `Users`
--
ALTER TABLE `Users`
  ADD PRIMARY KEY (`user_id`),
  ADD UNIQUE KEY `email` (`email`);

--
-- Indexes for table `UserStories`
--
ALTER TABLE `UserStories`
  ADD PRIMARY KEY (`user_story_id`),
  ADD KEY `user_id` (`user_id`),
  ADD KEY `story_id` (`story_id`),
  ADD KEY `last_chapter_id` (`last_chapter_id`);

--
-- AUTO_INCREMENT for dumped tables
--

--
-- AUTO_INCREMENT for table `ChapterReads`
--
ALTER TABLE `ChapterReads`
  MODIFY `id` int(11) NOT NULL AUTO_INCREMENT, AUTO_INCREMENT=21;

--
-- AUTO_INCREMENT for table `Chapters`
--
ALTER TABLE `Chapters`
  MODIFY `chapter_id` int(11) NOT NULL AUTO_INCREMENT, AUTO_INCREMENT=26;

--
-- AUTO_INCREMENT for table `ForumComments`
--
ALTER TABLE `ForumComments`
  MODIFY `comment_id` int(11) NOT NULL AUTO_INCREMENT, AUTO_INCREMENT=9;

--
-- AUTO_INCREMENT for table `ForumLikes`
--
ALTER TABLE `ForumLikes`
  MODIFY `like_id` int(11) NOT NULL AUTO_INCREMENT, AUTO_INCREMENT=5;

--
-- AUTO_INCREMENT for table `ForumPosts`
--
ALTER TABLE `ForumPosts`
  MODIFY `post_id` int(11) NOT NULL AUTO_INCREMENT, AUTO_INCREMENT=19;

--
-- AUTO_INCREMENT for table `Genres`
--
ALTER TABLE `Genres`
  MODIFY `genre_id` int(11) NOT NULL AUTO_INCREMENT, AUTO_INCREMENT=12;

--
-- AUTO_INCREMENT for table `ReadLogs`
--
ALTER TABLE `ReadLogs`
  MODIFY `read_id` int(11) NOT NULL AUTO_INCREMENT;

--
-- AUTO_INCREMENT for table `RequestsTransactions`
--
ALTER TABLE `RequestsTransactions`
  MODIFY `id` int(11) NOT NULL AUTO_INCREMENT, AUTO_INCREMENT=27;

--
-- AUTO_INCREMENT for table `Stories`
--
ALTER TABLE `Stories`
  MODIFY `story_id` int(11) NOT NULL AUTO_INCREMENT, AUTO_INCREMENT=27;

--
-- AUTO_INCREMENT for table `StoryComments`
--
ALTER TABLE `StoryComments`
  MODIFY `comment_id` int(11) NOT NULL AUTO_INCREMENT, AUTO_INCREMENT=27;

--
-- AUTO_INCREMENT for table `StoryFavorites`
--
ALTER TABLE `StoryFavorites`
  MODIFY `favorite_id` int(11) NOT NULL AUTO_INCREMENT, AUTO_INCREMENT=59;

--
-- AUTO_INCREMENT for table `StoryRatings`
--
ALTER TABLE `StoryRatings`
  MODIFY `id` int(11) NOT NULL AUTO_INCREMENT, AUTO_INCREMENT=12;

--
-- AUTO_INCREMENT for table `StoryRecommendations`
--
ALTER TABLE `StoryRecommendations`
  MODIFY `id` int(11) NOT NULL AUTO_INCREMENT, AUTO_INCREMENT=15;

--
-- AUTO_INCREMENT for table `SupportRequests`
--
ALTER TABLE `SupportRequests`
  MODIFY `id` int(11) NOT NULL AUTO_INCREMENT, AUTO_INCREMENT=3;

--
-- AUTO_INCREMENT for table `TopicCategory`
--
ALTER TABLE `TopicCategory`
  MODIFY `topic_id` int(11) NOT NULL AUTO_INCREMENT, AUTO_INCREMENT=11;

--
-- AUTO_INCREMENT for table `TransactionHistory`
--
ALTER TABLE `TransactionHistory`
  MODIFY `id` int(11) NOT NULL AUTO_INCREMENT, AUTO_INCREMENT=8;

--
-- AUTO_INCREMENT for table `Transactions`
--
ALTER TABLE `Transactions`
  MODIFY `transaction_id` int(11) NOT NULL AUTO_INCREMENT;

--
-- AUTO_INCREMENT for table `UserChapters`
--
ALTER TABLE `UserChapters`
  MODIFY `id` int(11) NOT NULL AUTO_INCREMENT, AUTO_INCREMENT=38;

--
-- AUTO_INCREMENT for table `UserGift`
--
ALTER TABLE `UserGift`
  MODIFY `id` int(11) NOT NULL AUTO_INCREMENT, AUTO_INCREMENT=9;

--
-- AUTO_INCREMENT for table `UserReading`
--
ALTER TABLE `UserReading`
  MODIFY `id` int(11) NOT NULL AUTO_INCREMENT, AUTO_INCREMENT=380;

--
-- AUTO_INCREMENT for table `Users`
--
ALTER TABLE `Users`
  MODIFY `user_id` int(11) NOT NULL AUTO_INCREMENT, AUTO_INCREMENT=16;

--
-- AUTO_INCREMENT for table `UserStories`
--
ALTER TABLE `UserStories`
  MODIFY `user_story_id` int(11) NOT NULL AUTO_INCREMENT;

--
-- Constraints for dumped tables
--

--
-- Constraints for table `Chapters`
--
ALTER TABLE `Chapters`
  ADD CONSTRAINT `chapters_ibfk_1` FOREIGN KEY (`story_id`) REFERENCES `Stories` (`story_id`);

--
-- Constraints for table `ForumComments`
--
ALTER TABLE `ForumComments`
  ADD CONSTRAINT `forumcomments_ibfk_1` FOREIGN KEY (`post_id`) REFERENCES `ForumPosts` (`post_id`),
  ADD CONSTRAINT `forumcomments_ibfk_2` FOREIGN KEY (`user_id`) REFERENCES `Users` (`user_id`);

--
-- Constraints for table `ForumLikes`
--
ALTER TABLE `ForumLikes`
  ADD CONSTRAINT `fk_like_post` FOREIGN KEY (`post_id`) REFERENCES `ForumPosts` (`post_id`) ON DELETE CASCADE,
  ADD CONSTRAINT `fk_like_user` FOREIGN KEY (`user_id`) REFERENCES `Users` (`user_id`) ON DELETE CASCADE;

--
-- Constraints for table `ForumPosts`
--
ALTER TABLE `ForumPosts`
  ADD CONSTRAINT `forumposts_ibfk_1` FOREIGN KEY (`user_id`) REFERENCES `Users` (`user_id`),
  ADD CONSTRAINT `forumposts_ibfk_2` FOREIGN KEY (`story_id`) REFERENCES `Stories` (`story_id`),
  ADD CONSTRAINT `forumposts_ibfk_3` FOREIGN KEY (`genre_id`) REFERENCES `Genres` (`genre_id`);

--
-- Constraints for table `ReadLogs`
--
ALTER TABLE `ReadLogs`
  ADD CONSTRAINT `readlogs_ibfk_1` FOREIGN KEY (`user_id`) REFERENCES `Users` (`user_id`),
  ADD CONSTRAINT `readlogs_ibfk_2` FOREIGN KEY (`chapter_id`) REFERENCES `Chapters` (`chapter_id`);

--
-- Constraints for table `RequestsTransactions`
--
ALTER TABLE `RequestsTransactions`
  ADD CONSTRAINT `fk_user` FOREIGN KEY (`user_id`) REFERENCES `Users` (`user_id`) ON DELETE CASCADE;

--
-- Constraints for table `Stories`
--
ALTER TABLE `Stories`
  ADD CONSTRAINT `stories_ibfk_1` FOREIGN KEY (`author_id`) REFERENCES `Users` (`user_id`);

--
-- Constraints for table `StoryComments`
--
ALTER TABLE `StoryComments`
  ADD CONSTRAINT `storycomments_ibfk_1` FOREIGN KEY (`story_id`) REFERENCES `Stories` (`story_id`),
  ADD CONSTRAINT `storycomments_ibfk_2` FOREIGN KEY (`user_id`) REFERENCES `Users` (`user_id`);

--
-- Constraints for table `StoryFavorites`
--
ALTER TABLE `StoryFavorites`
  ADD CONSTRAINT `storyfavorites_ibfk_1` FOREIGN KEY (`story_id`) REFERENCES `Stories` (`story_id`),
  ADD CONSTRAINT `storyfavorites_ibfk_2` FOREIGN KEY (`user_id`) REFERENCES `Users` (`user_id`);

--
-- Constraints for table `StoryGenres`
--
ALTER TABLE `StoryGenres`
  ADD CONSTRAINT `storygenres_ibfk_1` FOREIGN KEY (`story_id`) REFERENCES `Stories` (`story_id`),
  ADD CONSTRAINT `storygenres_ibfk_2` FOREIGN KEY (`genre_id`) REFERENCES `Genres` (`genre_id`);

--
-- Constraints for table `StoryRatings`
--
ALTER TABLE `StoryRatings`
  ADD CONSTRAINT `storyratings_ibfk_1` FOREIGN KEY (`user_id`) REFERENCES `Users` (`user_id`),
  ADD CONSTRAINT `storyratings_ibfk_2` FOREIGN KEY (`story_id`) REFERENCES `Stories` (`story_id`);

--
-- Constraints for table `StoryRecommendations`
--
ALTER TABLE `StoryRecommendations`
  ADD CONSTRAINT `storyrecommendations_ibfk_1` FOREIGN KEY (`user_id`) REFERENCES `Users` (`user_id`),
  ADD CONSTRAINT `storyrecommendations_ibfk_2` FOREIGN KEY (`story_id`) REFERENCES `Stories` (`story_id`);

--
-- Constraints for table `TransactionHistory`
--
ALTER TABLE `TransactionHistory`
  ADD CONSTRAINT `transactionhistory_ibfk_1` FOREIGN KEY (`user_id`) REFERENCES `Users` (`user_id`);

--
-- Constraints for table `Transactions`
--
ALTER TABLE `Transactions`
  ADD CONSTRAINT `transactions_ibfk_1` FOREIGN KEY (`user_id`) REFERENCES `Users` (`user_id`);

--
-- Constraints for table `UserGift`
--
ALTER TABLE `UserGift`
  ADD CONSTRAINT `usergift_ibfk_1` FOREIGN KEY (`sender_id`) REFERENCES `Users` (`user_id`),
  ADD CONSTRAINT `usergift_ibfk_2` FOREIGN KEY (`receiver_id`) REFERENCES `Users` (`user_id`);

--
-- Constraints for table `UserStories`
--
ALTER TABLE `UserStories`
  ADD CONSTRAINT `userstories_ibfk_1` FOREIGN KEY (`user_id`) REFERENCES `Users` (`user_id`),
  ADD CONSTRAINT `userstories_ibfk_2` FOREIGN KEY (`story_id`) REFERENCES `Stories` (`story_id`),
  ADD CONSTRAINT `userstories_ibfk_3` FOREIGN KEY (`last_chapter_id`) REFERENCES `Chapters` (`chapter_id`);
COMMIT;

/*!40101 SET CHARACTER_SET_CLIENT=@OLD_CHARACTER_SET_CLIENT */;
/*!40101 SET CHARACTER_SET_RESULTS=@OLD_CHARACTER_SET_RESULTS */;
/*!40101 SET COLLATION_CONNECTION=@OLD_COLLATION_CONNECTION */;
